id,domain,status,purchase_price,renewal_price,attractiveness,demand,length,registrar,created_at,expires_at
69861f4b-695d-48b5-b8c9-509639eaa2cb,food.agency,premium,260,260,94,47,4,namecheap,,
d79ce007-6eec-46a3-8ca9-39a04dd4a3b2,food.academy,premium,,,94,44,4,,,
f19a2b74-2288-4298-826b-b056b4c23817,food.accountant,premium,455,65,94,44,4,namecheap,,
d740e054-dfbe-4d1b-92a8-8e43e4119874,food.accountants,available,145.98,,94,44,4,namecheap,,
80d3dc5c-3535-490b-9d3f-055b5c43c85c,food.actor,available,54.98,,94,44,4,namecheap,,
27feedfe-dac6-4a74-bea5-59ae4a50d3b6,food.airforce,available,134.98,,94,44,4,namecheap,,
ec5c355b-87f4-4b24-9844-b4255d2f0fa6,food.apartments,available,72.98,,94,44,4,namecheap,,
48c4b0bc-9caa-4c09-9b28-6bb4e00e82d4,food.archi,available,132.98,,94,44,4,namecheap,,
6218c2cd-df2c-4f6d-9930-9de5dfdb284c,food.army,premium,,,94,44,4,,,
f7d9a679-e44a-4f4a-9cc4-85f67715e084,food.associates,premium,128.7,128.7,94,44,4,namecheap,,
7b9f5f62-7c16-4692-b3b3-56075aca3505,food.attorney,premium,1300,1300,94,44,4,namecheap,,
18cfbdfa-fe29-4b9b-ba5b-7cea2bcf2045,food.auction,premium,1300,1300,94,44,4,namecheap,,
0a1647b4-e180-4353-b1f2-021da1c939b6,food.auto,available,2950,,94,44,4,namecheap,,
5549554a-6dc5-4d5e-9f04-58818ca9c4c0,food.autos,premium,845,15.73,94,44,4,namecheap,,
e42fe647-3986-4a8c-818a-aba287268e0f,food.baby,premium,3250,65,94,44,4,namecheap,,
5383a53d-cbde-48a9-a2c2-02a334064d0f,food.bar,premium,1462.5,2925,94,44,4,namecheap,,
79a727f2-dae6-456f-91c2-36739b36e685,food.bayern,premium,,,94,44,4,,,
9605d24e-f20d-464e-940e-5178b659c3f8,food.beauty,premium,845,845,94,44,4,namecheap,,
8990bad9-1511-4e7e-9cc2-ce389efed581,food.berlin,resell,,,94,44,4,,27/11/2015 20:15,27/11/2027 20:15
3618218b-d69d-4a2a-9b2d-ffb3ba2d613a,food.bet,resell,,,94,44,4,"NameCheap, Inc.",17/06/2023 21:46,17/06/2026 21:46
3300a010-4e58-4969-aa86-4305af00d283,food.bid,resell,,,94,44,4,Porkbun,26/07/2019 14:41,26/07/2030 14:41
bcaea843-dbde-43ee-b600-363407b40e52,food.bio,resell,,,94,44,4,"Xiamen ChinaSource Internet Service Co., Ltd",16/11/2025 15:15,16/11/2026 15:15
5fb3c32e-5d3c-453f-828a-1dd2beeef5de,food.biz,resell,,,94,44,4,Megazone Corp.,27/03/2002 05:26,26/03/2027 23:59
873de2ab-ceea-4236-a39d-df6d28493d76,food.black,resell,,,94,44,4,"Xiamen ChinaSource Internet Service Co., Ltd",16/12/2025 15:15,16/12/2026 15:15
cba42b2f-37f5-4473-ba2f-03a034d87de3,food.blue,resell,,,94,44,4,"Spaceship, Inc.",10/12/2020 14:31,10/12/2026 14:31
65f6e207-6cb0-4546-b086-c9762cd0ef82,food.boats,premium,845,15.73,94,44,4,namecheap,,
fb59e577-7f26-44ac-a521-b460a28206e6,food.boo,premium,1298.7,1298.7,94,44,4,namecheap,,
ad36d34e-13c3-4cdf-ab5a-8e97f538727e,food.build,premium,650,650,94,44,4,namecheap,,
fd96a781-b056-4c63-9a37-07d3ad8a8629,food.business,resell,,,94,44,4,"Spaceship, Inc.",06/03/2019 11:22,06/03/2027 11:22
1e30985d-29a8-4a15-9df5-f3e7bfe2ef42,food.car,available,2400,,94,44,4,namecheap,,
582e7a69-9a4b-4916-b39c-de2a6333c249,food.cars,available,2950,,94,44,4,namecheap,,
068ba198-87d8-4e1e-b886-219592273741,food.casa,resell,,,94,44,4,"Spaceship, Inc.",28/08/2018 20:28,28/08/2034 20:28
508ee9f5-7ba2-476c-925b-13c1ef48c2c4,food.casino,resell,,,94,44,4,"GoDaddy.com, LLC",11/10/2025 04:55,11/10/2026 04:55
f1794bf7-4bb1-4258-8a2c-7cb3604ce16d,food.ceo,premium,258.7,258.7,94,44,4,namecheap,,
5c44c1c6-2ee6-4ac7-b51c-4e2aad1ce86f,food.cfd,premium,167.38,669.5,94,44,4,namecheap,,
ce1e4a64-58d0-4abe-bf16-4a45767ec14c,food.city,resell,,,94,44,4,"Global Domains International, Inc. DBA DomainCostClub.com",05/08/2015 16:00,05/08/2027 16:00
bcde8afa-ca34-4e93-adf7-8e25498a5e20,food.claims,available,82.98,,94,44,4,namecheap,,
9133c538-ec28-4559-84af-f478b035a442,food.click,resell,,,94,44,4,Porkbun LLC,25/11/2014 16:00,25/11/2026 16:00
f8359910-47c7-493c-8acd-4aa391b5fa9f,food.co,resell,,,94,44,4,"GoDaddy.com, LLC",25/02/2010 00:47,24/02/2027 23:59
c8ecee2a-cd63-444b-a1f6-2bd5c728d8df,food.coach,resell,,,94,44,4,"Spaceship, Inc.",11/03/2015 16:00,11/03/2027 16:00
12db862d-9649-4fd4-bcf5-4ac453c1684e,food.college,premium,650,650,94,44,4,namecheap,,
620c9511-411f-4e9d-a779-4596abdff784,food.computer,resell,,,94,44,4,"NameCheap, Inc.",19/01/2026 07:32,19/01/2027 07:32
ef8b0fb4-c11d-4bae-93df-322e0cff46f4,food.condos,premium,128.7,128.7,94,44,4,namecheap,,
e8480ff2-13db-4919-a9b7-f983076c0ef3,food.construction,available,50.98,,94,44,4,namecheap,,
f6a6e7ea-4449-464d-b720-804c23cf8739,food.contractors,premium,42.9,42.9,94,44,4,namecheap,,
acdcfbcc-5bbe-4af6-a0ee-95867ae10749,food.cooking,premium,260,31.2,94,44,4,namecheap,,
ecaaf26f-7cfb-4df7-bdfc-2ace1f45430b,food.country,premium,,,94,44,4,,,
67cfd1c1-b056-4339-a193-a4f203ba65d7,food.coupons,premium,11700,11700,94,44,4,namecheap,,
a895eccf-c12f-4a8b-bba8-9291703bdafb,food.courses,premium,260,260,94,44,4,namecheap,,
37d552bd-0a92-4e0a-9395-6ed0ef88477a,food.credit,available,131.98,,94,44,4,namecheap,,
3dbe340f-474b-4db6-9734-3f29e75a5704,food.creditcard,premium,260,260,94,44,4,namecheap,,
ce421a3d-5f08-46eb-af88-347b891bd690,food.cricket,available,31.98,,94,44,4,namecheap,,
6251b923-b056-4113-9ca7-d6e9c5bd2b27,food.cruises,premium,260,260,94,44,4,namecheap,,
1870289e-45d7-4450-99cc-1e4e21c9d042,food.cv,premium,651.53,87.75,94,44,4,namecheap,,
1324f776-9aa3-4b7b-8ea5-3688d2a2244f,food.cx,resell,,,94,44,4,West263 International Limited,07/09/2024 20:21,07/09/2026 20:21
f375bd78-0a39-4880-a261-956750e695ca,food.cyou,premium,287.3,574.6,94,44,4,namecheap,,
d6778ff3-51ee-41e5-ba04-e097b42cdcf5,food.dad,premium,1248.75,1248.75,94,44,4,name.com,,
08a66814-357c-4de9-9a6e-c6558c56d535,food.dance,available,17.99,35.99,94,44,4,name.com,,
48ef7f35-fc60-423a-ac67-46965af4afe3,food.dating,premium,123.75,123.75,94,44,4,name.com,,
c9b9a222-0062-4166-8878-f1962a481186,food.day,premium,1248.75,1248.75,94,44,4,name.com,,
a61e73a4-4afe-43d4-8936-2e0dba057bc0,food.deal,premium,1300,1300,94,44,4,namecheap,,
0c1a4651-8400-4503-aed2-7e58b322e09a,food.dealer,premium,3875,3799.99,94,44,4,name.com,,
93d9b58d-b6a5-4191-9e1f-301bb0b70156,food.deals,resell,,,94,44,4,Porkbun LLC,10/12/2015 09:39,10/12/2026 09:39
f62b2b63-c3a2-4842-a458-ebb8c0f6ca02,food.degree,available,14.99,64.99,94,44,4,name.com,,
3529c740-b698-4ea7-8177-b54a365e0920,food.delivery,resell,,,94,44,4,GoDaddy Online Services Cayman Islands Ltd.,06/02/2015 16:00,06/02/2027 16:00
86e2119b-b077-495a-9de7-4ad4755a65a0,food.democrat,available,41.48,,94,44,4,namecheap,,
cdca2616-6907-4015-b1c0-ae7b17bc5ed0,food.dental,available,59.98,,94,44,4,namecheap,,
c4c2940f-732b-4d22-83bf-647de281bc66,food.dentist,premium,260,260,94,44,4,namecheap,,
1f7dd76c-9789-4921-805e-6d6e673df178,food.desi,available,22.98,,94,44,4,namecheap,,
32e999af-942a-4b04-8eca-400e839adc2f,food.design,premium,2600,2600,94,44,4,namecheap,,
e8629356-aaef-4027-9f33-97dbc019c9fd,food.dev,premium,811.25,811.25,94,44,4,name.com,,
33368d92-a154-4279-94c4-448878127c2f,food.diet,premium,3599.4,3599.4,94,44,4,name.com,,
54e85863-fd9d-40df-8686-f06ce222012b,food.discount,resell,41.25,41.25,94,44,4,Dynadot Inc,06/10/2025 23:30,06/10/2026 23:30
e8a9b794-4009-48c1-a7af-8bbd0d077069,food.diy,premium,1300,2600,94,44,4,namecheap,,
c05a7daa-af39-45d4-be30-cbf9dc201137,food.doctor,resell,,,94,44,4,"Sav.com, LLC - 10",31/03/2025 15:15,31/03/2027 15:15
6e1edf5f-4344-4bde-ba3f-442b6563ba0c,food.domains,premium,260,260,94,44,4,namecheap,,
9653b6ed-5404-42b6-89c2-9db4988488cc,food.download,premium,6500,130,94,44,4,namecheap,,
60c83b2d-1aaf-4ff2-822d-eed5a255100b,food.energy,resell,,,94,44,4,GoDaddy Online Services Cayman Islands Ltd.,14/09/2018 16:16,14/09/2026 16:16
f1b1b914-1a11-428d-98aa-49076efd8aba,food.engineer,premium,1300,1300,94,44,4,namecheap,,
a7071d45-51c4-43eb-bab2-8087b6b108db,food.enterprises,resell,,,94,44,4,Dynadot Inc,19/02/2026 17:00,19/02/2027 17:00
39731a31-2053-4024-8679-f39703620b84,food.esq,premium,1688.7,1688.7,94,44,4,namecheap,,
31356c72-2391-4717-aeb8-bd052ee44cc4,food.estate,premium,,,94,44,4,,,
fee0e47a-ef16-48bd-8aca-cb572dc033ac,food.events,premium,520,520,94,44,4,namecheap,,
fb445891-db9e-45b4-9795-936696619e4c,food.exposed,premium,260,260,94,44,4,namecheap,,
7399f519-6044-46b3-961f-cfddd424b566,food.express,resell,,,94,44,4,"Spaceship, Inc.",15/07/2015 16:00,15/07/2026 16:00
da1ffff7-40f0-4638-8774-4fd8f1ea83fb,food.fail,premium,85.8,85.8,94,44,4,namecheap,,
cab664ee-b2e9-47bc-a3b3-bf9b3b1a5d0c,food.faith,premium,6500,130,94,44,4,namecheap,,
bb7b0e1c-bc15-44d2-9f95-c9d9f5eb06cc,food.fan,premium,260,260,94,44,4,namecheap,,
b14bcb9f-af8e-4f33-baef-1961a906e1f1,food.fans,premium,650,650,94,44,4,namecheap,,
45d67e04-adb7-4f84-b020-2226777e8b18,food.film,premium,260,260,94,44,4,namecheap,,
056628b6-fc09-4781-9e05-5558cbcb15fd,food.financial,premium,85.8,85.8,94,44,4,namecheap,,
81b3a9fb-d24f-46dc-92c1-889b8dbff3df,food.fish,premium,1040,1040,94,44,4,namecheap,,
a344aeb9-4f4d-459f-a4fc-cb150bb65998,food.flights,premium,128.7,128.7,94,44,4,namecheap,,
be2df4b7-8fd6-4a75-ae81-a6b099c8f645,food.florist,available,41.98,,94,44,4,namecheap,,
1e8f1abf-bf7f-4e2b-ba82-b79da34a1e8f,food.flowers,available,159.98,,94,44,4,namecheap,,
b738b373-33c1-4ac6-8c24-e9774208a808,food.foo,premium,1298.7,1298.7,94,44,4,namecheap,,
5fb8d103-2452-4f53-a82c-ffddb8ca3e1b,food.football,available,36.98,,94,44,4,namecheap,,
90c48e69-8d01-45cd-b4a4-d67a863fba97,food.forex,available,19.99,,94,44,4,name.com,,
e1004e8f-90b6-4b72-9830-2de44f17279b,food.forsale,premium,1300,1300,94,44,4,namecheap,,
f7e4d0d6-347e-44af-a5fb-dd0fbdb78311,food.forum,premium,390,1300,94,44,4,namecheap,,
35ee392c-4ca0-4015-a2d1-cf21022d2195,food.foundation,resell,,,94,44,4,"GoDaddy.com, LLC",01/08/2025 18:01,01/08/2026 18:01
a2e6c859-f065-4c57-8ee9-51a8a41288fa,food.free,premium,1300,1300,94,44,4,namecheap,,
0f4b4199-4b9f-4a17-8b31-2ca1037ebdb0,food.fun,premium,1625,6500,94,44,4,namecheap,,
fe0889a6-7c73-4819-a020-fd80ec649e4a,food.fund,resell,,,94,44,4,"Spaceship, Inc.",20/08/2014 16:00,20/08/2026 16:00
63d90ec8-7d7a-460e-93ff-7375ca85fa57,food.futbol,available,21.98,,94,44,4,namecheap,,
dff6dcaa-4670-4dd9-b0d4-8e7ebfffc1e5,food.gallery,resell,,,94,44,4,Porkbun LLC,12/02/2014 16:00,12/02/2027 16:00
85a5a9f0-692f-4f9b-b050-71a43b9d4223,food.games,premium,3250,3250,94,44,4,namecheap,,
50b82993-1a89-4c91-ae63-a952345c5157,food.gay,premium,120,120,94,44,4,namecheap,,
bb743ac2-00fb-497a-9a17-1f26cbe0028d,food.gift,premium,156,156,94,44,4,namecheap,,
e4b60329-e043-4421-9738-bb13e7555935,food.glass,premium,26,26,94,44,4,namecheap,,
8668384a-f560-4e44-9b9c-a96df2dff5f8,food.global,resell,,,94,44,4,"Sav.com, LLC - 15",09/11/2024 15:15,09/11/2026 15:15
0c1723fb-f2d3-4dca-8d3a-ca46f8b23fab,food.gmbh,resell,,,94,44,4,"NameCheap, Inc.",31/08/2025 15:16,31/08/2026 15:16
01bdbbd2-5bef-44b9-af0c-7a7ac3179788,food.gold,resell,,,94,44,4,"DNSPod, Inc.",19/03/2018 23:20,19/03/2027 23:20
0b6c2e1d-d419-43e2-aa92-84d673cb09b7,food.gratis,premium,128.7,128.7,94,44,4,namecheap,,
7e0c5399-c073-4e8a-b2d5-09c58a7485c8,food.gripe,premium,42.9,42.9,94,44,4,namecheap,,
f11cb9e2-93eb-4960-8b2c-f080000b7a77,food.group,resell,,,94,44,4,Alibaba Cloud Computing Ltd. d/b/a HiChina (www.net.cn),05/06/2016 16:00,05/06/2026 16:00
43e61749-b705-4027-9169-40a76cce3b3e,food.guide,premium,11700,11700,94,44,4,namecheap,,
b6471fd9-0ad3-4198-8cca-73939f70ee9f,food.guitars,available,159.98,,94,44,4,namecheap,,
f9626d79-3833-4721-bbac-be4b2a4e6f84,food.hair,premium,845,845,94,44,4,namecheap,,
7881b464-9617-4f95-a4bd-dc67d2e827d0,food.hamburg,resell,,,94,44,4,,20/04/2016 14:53,20/04/2027 14:53
abe01d7f-5b81-4d80-95ae-39a2c571b271,food.health,resell,,,94,44,4,"Spaceship, Inc.",28/03/2023 01:49,28/03/2027 01:49
18f1be0c-db8d-4476-a493-a0c9680aa4ec,food.healthcare,premium,128.7,128.7,94,44,4,namecheap,,
bbe7c92f-a5d3-4350-b1ce-437fce33566d,food.hockey,available,72.98,,94,44,4,namecheap,,
e4ba0a58-130b-4398-a8c6-3a850bd42e06,food.holdings,premium,260,260,94,44,4,namecheap,,
8cd5cba1-6565-4bf9-9c3f-496836679bf0,food.homes,premium,845,15.73,94,44,4,namecheap,,
befd017e-ba09-4ac7-9191-eec98d0500a1,food.horse,premium,260,31.2,94,44,4,namecheap,,
de591d04-79eb-4961-b464-9015f9888dae,food.hospital,available,71.98,,94,44,4,namecheap,,
41dc1670-89ad-4414-a93a-36cfea27c287,food.host,premium,3250,6500,94,44,4,namecheap,,
fa4cc0a8-71b5-44c4-a8bb-a1b5d2e18876,food.hosting,available,398,,94,44,4,namecheap,,
2dd7e775-9bf9-43b8-89ce-517039b9f364,food.hot,premium,3250,3250,94,44,4,namecheap,,
6e8c1f96-ce49-482d-8895-5cfa77fe3940,food.house,resell,,,94,44,4,"Sav.com, LLC",05/08/2015 16:00,05/08/2026 16:00
84a18b92-7d88-4f39-a911-b16d084996ee,food.how,premium,768.3,768.3,94,44,4,namecheap,,
722e5daa-7221-4d5c-a1c8-155646349c7c,food.icu,premium,57.85,231.4,94,44,4,namecheap,,
7d8afa56-b8fc-4934-ab76-138cd3ea7ef9,food.immo,resell,,,94,44,4,"Sav.com, LLC",14/10/2025 17:01,14/10/2026 17:01
11596159-3635-43df-92cd-7df32f9b2bd7,food.immobilien,available,43.98,,94,44,4,namecheap,,
e72b2ef5-7ae6-4053-afec-183b0bb04eca,food.in,resell,,,94,44,4,1API GmbH,16/02/2005 06:30,16/02/2027 06:30
4c06c638-9f6c-44c4-8d32-769ed2e81ea0,food.industries,resell,,,94,44,4,Dynadot Inc,29/03/2020 17:12,29/03/2027 17:12
2dd0872b-1b84-4e14-aa4d-40f1a5a39c30,food.ing,premium,1690,1690,94,44,4,namecheap,,
575197ad-a6cc-45c7-8354-66d357b99227,food.ink,premium,845,845,94,44,4,namecheap,,
65033e30-4cb1-429d-aed8-8f01d09c603c,food.institute,resell,,,94,44,4,Dynadot Inc,29/09/2023 23:29,29/09/2028 23:29
b8e0e297-df9a-4f10-83ed-b4f18aa7adbb,food.insure,available,91.98,,94,44,4,namecheap,,
97767e4a-5883-4742-9d6e-79dbb25a99cc,food.international,resell,,,94,44,4,Dynadot Inc,10/07/2015 21:59,10/07/2030 21:59
735087b0-03c5-499f-b34b-c706ae89ae55,food.investments,premium,520,520,94,44,4,namecheap,,
1f3b9969-e22c-4e71-98d8-b476634b687f,food.irish,resell,,,94,44,4,Blacknight Internet Solutions Ltd.,01/03/2017 19:23,01/03/2027 19:23
8e2eae71-3726-42ef-99e9-10140ac62bc3,food.jewelry,available,69.98,,94,44,4,namecheap,,
4dec96ce-7d0d-4bbf-9654-f5ea4601e026,food.juegos,available,478.98,,94,44,4,namecheap,,
44a53bf4-f428-401a-b095-ada03dcf979d,food.kaufen,available,33.58,,94,44,4,namecheap,,
5e2594e1-1582-4cef-bfaf-e264df962e6b,food.kitchen,resell,,,94,44,4,Dynadot Inc,19/02/2014 16:00,19/02/2027 16:00
a5f3d625-a4b1-4e8f-b00e-dede32b4ad51,food.kiwi,premium,73.75,,94,44,4,name.com,,
331b57f8-da58-4a20-b9b4-5b7be3752ac2,food.la,resell,,,94,44,4,Dynadot LLC,21/02/2008 01:00,21/02/2027 23:59
9f460a3d-9eae-425e-b1c8-03fd66b6b1d2,food.lawyer,premium,1300,1300,94,44,4,namecheap,,
f73ba3f2-c4f5-4566-9d8a-cc6e6205210b,food.lgbt,available,93.98,,94,44,4,namecheap,,
aa187d86-8522-46a1-860a-58b7cf5270a6,food.lifestyle,premium,1300,2600,94,44,4,namecheap,,
c58726c9-f851-4cb8-a22d-bc57e8eb3a09,food.lighting,resell,,,94,44,4,united-domains GmbH,12/02/2014 16:00,12/02/2027 16:00
cb044f01-cd58-45cf-9d73-fd75d2e22b33,food.living,premium,1300,2600,94,44,4,namecheap,,
1d76fb6e-ac25-402c-a898-fc26d260f7e1,food.llc,premium,650,650,94,44,4,namecheap,,
14d4f9fa-8ab4-441b-a6f6-4d7dbc01ad33,food.loan,premium,1300,130,94,44,4,namecheap,,
f188116d-5d71-415c-8697-6f71f6a0f597,food.loans,available,144.98,,94,44,4,namecheap,,
241cc335-4a8b-4c5d-a3f0-67d3b2208ea0,food.locker,premium,6500,58.5,94,44,4,namecheap,,
c396a0ba-be4c-4f7e-bd47-e57e2582f1ee,food.lol,premium,,,94,44,4,,,
f20f0024-682a-49ff-a970-9460f8d5b5de,food.london,resell,,,94,44,4,"Porkbun, LLC",31/08/2015 23:05,31/08/2026 23:59
93416aaa-c803-4ec0-b92f-585a94ba5e46,food.ltda,premium,66.3,66.3,94,44,4,namecheap,,
429b1f96-3587-4c3f-a876-4782a92ad9df,food.luxe,resell,,,94,44,4,"GoDaddy.com, LLC",04/05/2021 21:26,04/05/2027 21:26
488d4341-3888-45d6-ac3f-fe4693dc2f81,food.maison,available,69.98,,94,44,4,namecheap,,
4c28c08e-5cda-43fc-ad95-032979e652e1,food.makeup,premium,845,845,94,44,4,namecheap,,
3539ccfb-1870-4876-a70c-0726bedb37cd,food.management,premium,85.8,85.8,94,44,4,namecheap,,
e92fdf81-ad23-4543-be2f-1111b5fe50f2,food.markets,premium,500,,94,44,4,name.com,,
3dfb593f-90a8-461d-83e0-1aff914f6f11,food.media,resell,,,94,44,4,Porkbun LLC,01/09/2016 13:25,01/09/2026 13:25
045df429-83cf-41db-b634-194677e7439f,food.melbourne,premium,8589.11,8589.11,94,44,4,namecheap,,
1f796173-621c-485d-a82c-04ce711d0a83,food.meme,premium,1690,1690,94,44,4,namecheap,,
4e37958d-1bfa-47b0-8120-9a4ed753d0eb,food.memorial,premium,128.7,128.7,94,44,4,namecheap,,
f2c4b85b-e815-4861-97d1-8a61a1edae39,food.mobile,premium,1300,1300,94,44,4,namecheap,,
ce76e3d8-5834-405d-a960-75800663fcd6,food.moe,premium,104,15.6,94,44,4,namecheap,,
c5075fe3-2255-4055-94f1-eaa9bf0ff967,food.moi,premium,3125,,94,44,4,name.com,,
4dfd2f3e-91ec-4685-86b2-e093a9618b69,food.mortgage,premium,260,260,94,44,4,namecheap,,
16018d98-f444-45d6-a464-732ba10b7310,food.motorcycles,premium,845,15.73,94,44,4,namecheap,,
24c9f435-f1cb-4dd7-a12d-d4fd414e5194,food.mov,premium,1298.7,1298.7,94,44,4,namecheap,,
29f6b5f3-b271-4f37-9cd8-2e992800a833,food.nexus,premium,1298.7,1298.7,94,44,4,namecheap,,
07cb4f64-43be-42f6-880d-20a8776b2484,food.ninja,premium,,,94,44,4,,,
da4d9a84-6de1-436b-8574-cd3c4d847c3d,food.now,resell,,,94,44,4,Dynadot Inc,10/10/2024 06:59,10/10/2026 06:59
6ed341d4-c941-4d28-a4f4-132655d6cb37,food.observer,premium,26,26,94,44,4,namecheap,,
dfd0502e-5243-42eb-a395-3f94ed2c0553,food.onl,premium,,,94,44,4,,,
0293f0ce-0f12-4205-8737-061f7eb39470,food.online,premium,7812.5,31250,94,44,4,name.com,,
69f3ad56-16af-412c-be49-f8bce44c9ae0,food.page,premium,1298.7,1298.7,94,44,4,namecheap,,
b67316c3-2d54-4832-919d-2eca2fae64c0,food.party,premium,6500,130,94,44,4,namecheap,,
f69042c3-1e90-47c1-bd1b-34fd7f20bd40,food.phd,premium,1688.7,1688.7,94,44,4,namecheap,,
d494f090-cbdb-4401-b710-6a619aa1fce3,food.pink,premium,780,780,94,44,4,namecheap,,
4a5700aa-2bd5-45e7-8041-bcc7a5dec45c,food.pizza,premium,260,260,94,44,4,namecheap,,
9ad766c5-17a3-4c23-ae35-6502872352a9,food.place,resell,,,94,44,4,Porkbun LLC,01/06/2020 18:07,01/06/2026 18:07
c05d7798-e063-4a27-8c73-2f2af06f1aec,food.plumbing,available,89.98,,94,44,4,namecheap,,
331ccc7b-b006-43f5-95d2-43b854d9396f,food.poker,resell,,,94,44,4,"GoDaddy.com, LLC",11/10/2025 04:55,11/10/2026 04:55
0d26c397-77d1-4d64-af2f-6b78c1ecf9eb,food.press,premium,1950,3900,94,44,4,namecheap,,
84670733-5a85-45d3-a839-3ad2579231de,food.prof,premium,1688.7,1688.7,94,44,4,namecheap,,
6cceedd2-3faa-4229-91fc-6a79fb05a301,food.promo,premium,3250,3250,94,44,4,namecheap,,
a120a038-8de5-4e43-bbb1-7dff6fddcea1,food.properties,premium,128.7,128.7,94,44,4,namecheap,,
b264cb71-c420-4bf1-b10d-289efb2a51ae,food.protection,available,2950,,94,44,4,namecheap,,
d2c88746-d676-400c-bda2-7a1b91212760,food.pub,premium,1300,1300,94,44,4,namecheap,,
ec015c38-8187-4cff-863b-f0c80e8a312b,food.pw,premium,3250,3250,94,44,4,namecheap,,
476c105c-eb84-4584-8979-2558bafa3fbf,food.racing,premium,130,130,94,44,4,namecheap,,
b0e45900-3146-46f0-bf19-2e9dcc10674b,food.realty,premium,910,1300,94,44,4,namecheap,,
e0c55f69-b5b4-476b-8583-69047b433d13,food.recipes,resell,,,94,44,4,"NameCheap, Inc.",18/07/2015 16:00,18/07/2026 16:00
c49be6a1-e024-4a68-bdf4-8fc1ebe95562,food.red,resell,,,94,44,4,"Spaceship, Inc.",10/12/2020 14:31,10/12/2026 14:31
e1348307-e103-4999-a2a8-31a3a82866aa,food.rehab,premium,1300,1300,94,44,4,namecheap,,
c43324ce-329f-47d6-b93c-0e680118f563,food.reise,available,127.98,,94,44,4,namecheap,,
857e9c30-bf32-4d5e-ab17-3a13633fc489,food.reisen,available,28.98,,94,44,4,namecheap,,
27f4f9ba-131f-4728-8b81-8dc38300d92a,food.rent,premium,,,94,44,4,,,
a6936b68-d7ce-4dfd-b05e-afaaaff73315,food.rentals,premium,128.7,128.7,94,44,4,namecheap,,
03992696-fd92-46a9-bda0-db7fb8334ddb,food.repair,available,47.48,,94,44,4,namecheap,,
e0161576-a365-4050-9576-801ab1572049,food.republican,available,43.98,,94,44,4,namecheap,,
ff0b7d69-10a7-4ff4-9317-63904fb1a1ee,food.rest,premium,1462.5,2925,94,44,4,namecheap,,
3e0e242a-53e2-41ce-b994-221bd4f33969,food.rich,premium,,,94,44,4,,,
d39d8392-2ca9-4b79-b9da-5c75cfb64862,food.rip,resell,,,94,44,4,Dynadot Inc,06/04/2026 11:38,06/04/2027 11:38
299f9fed-b369-4d5c-b50f-1465ba35189b,food.rodeo,resell,,,94,44,4,Porkbun,21/01/2022 02:58,21/01/2027 02:58
c069a062-0f74-4610-870f-b4459e916188,food.rsvp,premium,1298.7,1298.7,94,44,4,namecheap,,
2fe92e5f-ea21-4856-8157-1b5dcbb6f5a0,food.run,resell,,,94,44,4,"Go China Domains, LLC",19/08/2015 16:00,19/08/2026 16:00
632632d2-bb75-4233-9a50-30bf873f8cc7,food.sale,premium,1300,1300,94,44,4,namecheap,,
e4649fc7-11f0-4add-83bb-9f8b35f23bc2,food.salon,premium,,,94,44,4,,,
fbfd9a98-7543-4f91-9eb9-cee1f27779e6,food.sarl,available,8.98,,94,44,4,namecheap,,
5fb10d09-658f-4139-a1e8-c08307221b3b,food.sbs,premium,143.65,574.6,94,44,4,namecheap,,
4928b95e-77eb-46ac-b3af-5d91fb80e165,food.school,resell,,,94,44,4,Porkbun LLC,17/08/2020 16:42,17/08/2026 16:42
d6f01af4-8128-44a7-9490-a6ec6e775933,food.schule,available,32.98,,94,44,4,namecheap,,
664eda11-d5d1-4227-9cec-f8d2c4b4f8c1,food.security,available,2950,,94,44,4,namecheap,,
88e4a0f9-8079-4752-9a1f-b8f98df8aa06,food.services,resell,260,260,94,44,4,"Spaceship, Inc.",10/03/2026 19:21,10/03/2027 19:21
b84a4f2c-3d68-4ad7-bf6d-af8e78d84257,food.sexy,premium,13000,13000,94,44,4,namecheap,,
8ac4f9e8-8854-435a-83cb-5ab593988c7e,food.shiksha,premium,2600,2600,94,44,4,namecheap,,
76d641da-dd10-4ea6-8ff6-64db97268493,food.shoes,premium,,,94,44,4,,,
ec559946-2e68-47d7-a7bf-70d785e04402,food.site,premium,1562.5,6250,94,44,4,name.com,,
094c4894-71a4-4f0f-b0f2-bf66979ca628,food.skin,premium,845,845,94,44,4,namecheap,,
1da03ed5-dd4f-4656-952b-21d42eca2bcb,food.soccer,available,29.48,,94,44,4,namecheap,,
467cbe00-7f5b-4ffc-9354-53596b43522d,food.software,premium,520,520,94,44,4,namecheap,,
f3fde899-2ff7-4681-9c56-a422cfe3d49e,food.solar,available,81.98,,94,44,4,namecheap,,
755a91c2-79c6-499e-857c-e8d375a9bcfb,food.solutions,resell,,,94,44,4,Porkbun LLC,08/06/2017 08:37,08/06/2026 08:37
5df49bbe-a4b2-4aa6-aaaa-39a033c2c868,food.space,premium,3250,13000,94,44,4,namecheap,,
2d12fd77-1975-40d7-a4ab-b0979b649d4a,food.srl,premium,,,94,44,4,,,
5a8ac212-5a4f-4a2c-b7be-9500de734117,food.storage,available,858,,94,44,4,namecheap,,
e5e55df7-eeb3-4732-86d6-3ffc85b4cfa6,food.store,premium,3125,12500,94,44,4,name.com,,
2ef93396-694b-4ef5-98fd-51d5ba605c3b,food.study,premium,260,260,94,44,4,namecheap,,
5cea1dcd-fc24-4f46-b5fa-da43017fc64a,food.style,resell,,,94,44,4,"GoDaddy.com, LLC",14/08/2015 20:41,14/08/2026 20:41
7486b3d0-d571-46cb-974e-b914f9e408a1,food.sucks,premium,2728.7,2728.7,94,44,4,namecheap,,
5ce2af9b-9eeb-4c7e-bdca-595f136dd429,food.surf,premium,104,31.2,94,44,4,namecheap,,
a9e06d6e-a98c-4e8a-adc7-08a22693535d,food.surgery,premium,128.7,128.7,94,44,4,namecheap,,
7c47308b-0361-465e-91f0-53ae776ad04b,food.sydney,premium,8589.11,8589.11,94,44,4,namecheap,,
ff81907c-679f-4810-967c-50f9004bd831,food.tattoo,premium,,,94,44,4,,,
640f1a4e-3c44-41f1-b06b-4d5e580f53bc,food.tax,premium,85.8,85.8,94,44,4,namecheap,,
a98fdf32-808f-4a62-845f-b5c58db29a89,food.taxi,resell,,,94,44,4,"GoDaddy.com, LLC",16/08/2015 16:00,16/08/2026 16:00
f656477d-bc20-44ab-a6b3-08b01e7a1640,food.team,resell,,,94,44,4,"DNSPod, Inc.",16/10/2019 16:29,16/10/2026 16:29
bbe02077-c9f2-4b1a-b4f7-38a7eecab079,food.tech,resell,,,94,44,4,Namify Domains Inc,02/04/2019 14:10,02/04/2029 23:59
1b03bd0d-154d-4c5b-b1e6-25f6299d5d06,food.tennis,available,81.98,,94,44,4,namecheap,,
5d34ee0b-968d-4cea-b48b-8ea92309d944,food.theater,available,80.98,,94,44,4,namecheap,,
cebe7ce0-6cf1-4a08-9534-f34af9d8d6e6,food.theatre,available,620,,94,44,4,namecheap,,
732129bc-e07f-48a0-8859-6374daccf0e7,food.tickets,available,568,,94,44,4,namecheap,,
6b838cb1-3967-4dd5-b35b-c9d101fcc2fe,food.tienda,premium,260,260,94,44,4,namecheap,,
b6495da1-59c2-49aa-82e3-970334689ba5,food.tips,resell,,,94,44,4,"GoDaddy.com, LLC",22/02/2014 16:00,22/02/2027 16:00
d9146eb7-1c07-4571-b432-cb15b91a9eee,food.tires,available,110.98,,94,44,4,namecheap,,
1f5fc5e2-a533-48a2-9414-860b73985ea3,food.tours,resell,,,94,44,4,"GoDaddy.com, LLC",04/07/2015 08:51,04/07/2027 08:51
45474ce6-2f59-4f33-980b-6d1cddb34519,food.toys,resell,,,94,44,4,"GoDaddy.com, LLC",11/10/2025 04:55,11/10/2026 04:55
bce65810-936f-4bf4-acd4-b235f071d032,food.trade,resell,,,94,44,4,"Global Domains International, Inc. DBA DomainCostClub.com",29/07/2019 12:50,29/07/2030 12:50
3b0248d2-4844-48e5-aa12-169b0c19adee,food.trading,premium,1250,,94,44,4,name.com,,
04167653-ed30-424f-9220-86afd75a7682,food.training,premium,260,260,94,44,4,namecheap,,
72e9b8a9-48d9-4b13-b266-27f4c4fd11e9,food.uno,premium,6500,6500,94,44,4,namecheap,,
0cf12ce5-739a-49e7-a147-e04c7698bac9,food.vana,available,2498,,94,44,4,namecheap,,
e023663d-1ed0-43d7-9e76-69f2451cb081,food.vet,premium,128.7,128.7,94,44,4,namecheap,,
7a9a8702-3c00-414a-8c5a-b977e6c29845,food.viajes,available,57.98,,94,44,4,namecheap,,
cdf2892d-66e5-4fac-b97a-74a97d39d6cf,food.villas,premium,260,260,94,44,4,namecheap,,
fe2904b9-2c79-4b0b-a105-df6e48b5c145,food.vin,premium,,,94,44,4,,,
f9bc61a4-68ea-497c-986f-0542711ddc1b,food.vision,premium,260,260,94,44,4,namecheap,,
e5838111-072d-46f0-afbd-4de3f7ee31dd,food.vodka,premium,104,31.2,94,44,4,namecheap,,
96703a6f-5069-4d37-8263-07d986c65ddd,food.voting,available,1448,,94,44,4,namecheap,,
7d5dfa4e-4ff8-4a73-8f8b-a233ac26fe03,food.voto,available,86.98,,94,44,4,namecheap,,
bc4fa777-c6d4-4cee-98d4-7d31921d5225,food.webcam,premium,650,84.5,94,44,4,namecheap,,
5c2d4fc9-70d2-4ff4-98e2-1094b6770ab5,food.website,premium,6500,13000,94,44,4,namecheap,,
30d4fd67-480a-455f-a4e2-2b1f2bc5aab2,food.works,resell,,,94,44,4,"GoDaddy.com, LLC",16/08/2015 23:26,16/08/2026 23:26
c5f129f4-4dd5-4f49-861a-cadbdcb440ad,food.wtf,resell,,,94,44,4,Dynadot Inc,08/07/2022 13:15,08/07/2026 13:15
1406fa9c-a89f-41ea-9d74-67d3359f44e6,food.yachts,premium,845,15.73,94,44,4,namecheap,,
16b0e654-3082-4e1a-af62-81766dd74b3c,food.yoga,resell,,,94,44,4,"GoDaddy.com, LLC",26/08/2020 19:16,26/08/2026 19:16
4e9e3e77-c718-4e2f-9e5a-4515a73f5bec,food.zip,premium,1298.7,1298.7,94,44,4,namecheap,,
dcf930e1-a0df-4a9c-bfc4-d8b34923ec88,food.zone,premium,1000,1000,94,44,4,name.com,,
b37e5c61-c6b6-4456-a614-8306a2830190,food.food,premium,,,94,43,4,"Dynadot, LLC",01/08/2025 10:38,01/08/2026 10:38
1cb658a7-0109-41f7-a072-38848324c488,food.furniture,available,127.98,,94,43,4,namecheap,,
3680de89-0de7-46e4-a2c5-113e5b83b421,food.adult,premium,,,94,35,4,,,
df1e500a-07f2-46b9-8bf9-84d846404d73,food.at,premium,,,94,35,4,,,
d1a0a4e9-a4e1-4c45-aac6-319c07fbcd36,food.boston,premium,,,94,35,4,,,
ad884f44-d78e-49aa-afb2-38b970c61f13,food.contact,resell,,,94,35,4,Porkbun LLC,24/02/2022 13:15,24/02/2026 13:15
9249fe17-92d6-4202-ab05-0034f660858c,food.giving,premium,,,94,35,4,,,
65fafc2a-481d-4d48-8516-526d6ba0f9f3,food.hiphop,premium,,,94,35,4,,,
6b7b60cc-691a-475e-90b9-a94f36d1ee92,food.hiv,premium,,,94,35,4,,,
b5b1e3c9-fd47-43d2-8247-8ca7a772130a,food.im,premium,,,94,35,4,,,
c0b9cbb7-d4ae-46ac-bc1d-7519bde956de,food.kids,premium,,,94,35,4,,,
39a65180-daaa-48e3-b12f-0cd788235faa,food.luxury,premium,,,94,35,4,,,
b3399f8a-47fe-4159-8041-ef3c13d7d9fa,food.men,premium,,,94,35,4,,,
7a46aed2-5657-487f-a669-12fd577382c1,food.menu,premium,,,94,35,4,,,
5895448b-742c-4ebb-8f24-c6d6598e8fe2,food.music,premium,,,94,35,4,,,
d3bf3f3a-f7d2-4ad4-b860-8f4381954b6c,food.osaka,premium,,,94,35,4,,,
62f49518-6c4a-4bc2-a8e7-7e4c54a95af6,food.property,premium,,,94,35,4,,,
e4ae8f0d-348a-45e4-b725-1ad3eab6b51a,food.qpon,premium,,,94,35,4,,,
d9ec68f5-167a-4b36-a4cc-5aaba94287dc,food.restaurant,resell,,,94,35,4,"WEDOS Internet, a.s.",19/07/2015 16:00,19/07/2029 16:00
7c1553ad-ee0c-43a6-baa7-06355e54c163,food.review,premium,,,94,35,4,,,
c5d73dd3-9912-496e-b7c4-9da2270896c3,food.reviews,premium,,,94,35,4,,,
7485a7ab-d9bb-40e7-9383-d46baea32e9a,food.rocks,premium,,,94,35,4,,,
b36509e0-4d12-4b19-af98-926c0c2e2284,food.university,premium,85.8,85.8,94,35,4,namecheap,,
5096d971-d8fe-446e-ba4d-e1e36a2d1acf,food.vote,available,119.98,,94,35,4,namecheap,,
273e505e-3989-48ac-bee9-0eff686bbbd3,restaurant.broker,resell,,,82,32,10,Dynadot Inc,30/08/2025 17:58,30/08/2026 17:58
4ae57cb4-a4c7-467a-a846-4a5c49e92f96,restaurant.channel,premium,623.75,,82,32,10,name.com,,
ae7c48f4-b2ff-4514-bb0a-2f0e3bb2e68d,restaurant.desi,available,22.98,,82,32,10,namecheap,,
5823466b-e6db-4fd7-a7d1-6ae333ce2908,restaurant.eco,premium,9375,,82,32,10,name.com,,
dfcfd4bf-03b6-4fd4-b8ae-82fd1c48dacb,restaurant.forex,available,19.99,,82,32,10,name.com,,
cfbcaf30-e5fd-4a57-9815-308cb162592d,restaurant.gripe,available,8.98,,82,32,10,namecheap,,
68ffe35d-fd1e-4233-81f9-2a99ea5ce851,restaurant.hamburg,resell,,,82,32,10,,20/04/2016 14:44,20/04/2027 14:44
cd5f5624-d16c-446f-906e-a637894b62fd,restaurant.kiwi,premium,73.74,,82,32,10,name.com,,
ee03d935-548a-4679-91a2-8eb8e8e17955,restaurant.luxe,resell,,,82,32,10,"GoDaddy.com, LLC",04/05/2021 21:31,04/05/2027 21:31
be5989a8-dac9-44c6-9add-ee2d132c5a4d,restaurant.mobile,premium,375,,82,32,10,name.com,,
3e2da72d-3b99-4ad6-84cb-d14b6bab7f8e,restaurant.moi,available,39.99,,82,32,10,name.com,,
0933e20e-05d5-4edc-8302-233979599fc5,restaurant.ryukyu,available,22.98,,82,32,10,namecheap,,
f6146ee9-ec47-4830-b365-c982b9f97d77,restaurant.sex,available,154.98,,82,32,10,namecheap,,
1aa54281-1170-423e-bddd-d5c8ee8c07f9,restaurant.shop,premium,6250,,82,32,10,name.com,,
17bd57d3-2684-40b6-b14a-5abb36225ef2,restaurant.trading,available,19.99,,82,32,10,name.com,,
880725b7-0d3d-4d89-a896-f68ff0cf8406,restaurant.xxx,available,154.98,,82,32,10,namecheap,,
79e6b94b-eca3-4174-9b7a-8cb3f18bf27b,restaurant.bingo,premium,,,78,36,10,,,
23f2b259-cb34-4e75-adbb-a8974cd42871,restaurant.now,resell,,,78,36,10,Porkbun LLC,09/08/2025 05:35,09/08/2026 05:35
03393053-68bd-4851-a58c-6c2689e06c04,restaurant.tours,resell,,,78,36,10,"Sav.com, LLC - 26",04/03/2026 15:15,04/03/2027 15:15
478e80fc-38b1-451f-a7aa-638b3aa2a540,restaurant.church,premium,,,78,34,10,,,
092c7c39-e9e8-4af5-a5c3-4051d50aac8d,restaurant.site,premium,1562.5,6250,78,34,10,name.com,,
fe85a2bc-2b11-4cf5-acdc-faee8ecee4a5,restaurant.academy,resell,,,78,32,10,"Spaceship, Inc.",23/08/2024 17:00,23/08/2026 17:00
938d35f6-fac0-43b8-9349-211e61290664,restaurant.actor,premium,,,78,32,10,,,
94530daa-7b84-455c-b974-44de1e545ecc,restaurant.adult,premium,,,78,32,10,,,
6250fcca-345a-4d0b-9411-d3d1c5f04abc,restaurant.airforce,premium,,,78,32,10,,,
51906b2f-9f62-4d61-a496-3ada38203d47,restaurant.apartments,premium,,,78,32,10,,,
c809ba10-686a-4e7e-b162-dfb39aeb2dac,restaurant.archi,premium,,,78,32,10,,,
19a8d154-e75e-4b33-81ef-da99a6f96b09,restaurant.army,premium,,,78,32,10,,,
1ce1f95b-6b97-4a33-8a08-81b21a164222,restaurant.associates,premium,,,78,32,10,,,
e384b6d8-d39a-40e8-b67e-e9b6072d8ed6,restaurant.attorney,premium,,,78,32,10,,,
0e25d981-de1b-4d9b-93ae-f7ca4827a629,restaurant.auction,premium,,,78,32,10,,,
6a32b196-3646-4242-81de-5019332fb095,restaurant.audio,premium,,,78,32,10,,,
9815acd4-2848-4154-83b5-9e08c39a17cd,restaurant.auto,premium,,,78,32,10,,,
98f7f101-406d-46b4-9bf7-ef5c13a26d90,restaurant.autos,premium,,,78,32,10,,,
0191e7bf-0bce-435f-a2f7-5461d8ccdfe1,restaurant.band,premium,,,78,32,10,,,
6e3d6e81-5c82-4eaa-af03-448147dcbaf4,restaurant.bargains,premium,,,78,32,10,,,
6c2e51dc-af27-4059-8cda-71948c55e82c,restaurant.berlin,resell,,,78,32,10,,27/11/2015 16:02,27/11/2027 16:02
a0f0377a-06e8-4407-b42c-9784a04d0c21,restaurant.bet,premium,,,78,32,10,,,
ef2dc553-add5-4c0d-9b2f-3cc43755f8bd,restaurant.bike,premium,,,78,32,10,,,
62fe5f4e-f67c-41d5-8a77-75336c9b5ea1,restaurant.bio,premium,,,78,32,10,,,
cd696e05-c6cf-4da8-94b8-3c4209a0b3d8,restaurant.blackfriday,premium,,,78,32,10,,,
3a81bfef-c56b-4149-8627-a7b2d84e3184,restaurant.blog,premium,,,78,32,10,,,
c8bf553b-1db9-4636-bedc-fc45cbfb002a,restaurant.blue,resell,,,78,32,10,"Spaceship, Inc.",18/12/2018 03:14,18/12/2026 03:14
b5b80085-0e70-4cd2-b054-29551ef8c67f,restaurant.boats,premium,,,78,32,10,,,
31c601c1-ba16-431d-a596-1031d3376bba,restaurant.boo,premium,,,78,32,10,,,
51f6338b-b438-482d-8ae7-9e601793b7b1,restaurant.bot,premium,,,78,32,10,,,
82ba583e-edba-4ab0-85a9-cee1cf2da00f,restaurant.boutique,resell,,,78,32,10,"GoDaddy.com, LLC",22/01/2026 17:08,22/01/2027 17:08
72ca3bc8-29ed-42be-9254-71072a5c05c5,restaurant.build,premium,,,78,32,10,,,
95329bf1-5e0c-43df-af39-e7c6ef9ccac3,restaurant.bz,resell,,,78,32,10,"GoDaddy.com, LLC",30/08/2015 22:57,30/08/2026 22:57
76c55403-b8c8-4efc-b22a-71d3c4e4db42,restaurant.cam,resell,,,78,32,10,Dynadot LLC,11/04/2026 08:07,11/04/2027 23:59
ee370c69-4434-4dc1-bbb4-bc8521799468,restaurant.camera,premium,,,78,32,10,,,
36d2b050-2526-480f-9aa2-1955d8aad783,restaurant.camp,premium,,,78,32,10,,,
611b7798-4a19-418d-9e6d-0426e37534c3,restaurant.car,premium,,,78,32,10,,,
99a88a99-0263-4d7b-8bc5-51c2957a2b6c,restaurant.cars,premium,,,78,32,10,,,
fb929348-97a9-4dc0-88a1-ac36ee3e2ae4,restaurant.casino,resell,,,78,32,10,Dynadot Inc,25/01/2026 17:00,25/01/2027 17:00
805cb3e2-1c0b-4462-af09-67d72fad2839,restaurant.catering,premium,,,78,32,10,,,
4761cd5d-5b8a-4e1f-952e-ae4215b5748b,restaurant.center,resell,,,78,32,10,"Spaceship, Inc.",31/05/2024 15:15,31/05/2026 15:15
48c91c9b-e85f-4f36-ab99-fbd0acc889c4,restaurant.cfd,premium,,,78,32,10,,,
b9ca6a3c-edab-4aaf-8060-971350f76a87,restaurant.charity,premium,,,78,32,10,,,
c5b2eee6-b264-4e27-8115-f6f589e18402,restaurant.cheap,premium,,,78,32,10,,,
99f381bc-8c8c-41a5-9022-0d06b3555688,restaurant.christmas,premium,,,78,32,10,,,
eea53148-d966-483f-9475-62f38d81677d,restaurant.claims,premium,,,78,32,10,,,
226e1fc4-4765-462b-beb9-5c24168f578b,restaurant.cleaning,premium,,,78,32,10,,,
429715bf-7910-47d6-a500-65a8623476ad,restaurant.clinic,premium,,,78,32,10,,,
48057d00-686c-4571-8bcd-4d7ba50ccae5,restaurant.clothing,premium,,,78,32,10,,,
7086a32d-a82f-40a3-9eaf-11f1dac77d52,restaurant.cloud,resell,,,78,32,10,"Dynadot, LLC",24/02/2016 03:37,24/02/2027 03:37
fbe40f8e-c821-4303-8960-5a4f187279dc,restaurant.club,resell,,,78,32,10,"GoDaddy.com, LLC",19/07/2019 21:38,19/07/2026 21:38
99ece45d-af63-4676-b280-d5c44b95c671,restaurant.co,resell,,,78,32,10,Dynadot Inc,25/02/2010 00:47,24/02/2027 23:59
8bb21aba-1fe7-4460-b32e-d306811edfc4,restaurant.codes,premium,,,78,32,10,,,
ab7fc7c2-aa24-40fb-b096-4aad12a32ac4,restaurant.coffee,resell,,,78,32,10,Dynadot Inc,08/08/2023 08:18,08/08/2028 08:18
7c03dfbf-9f1a-4f3c-85d5-aeae684b86d6,restaurant.college,premium,,,78,32,10,,,
940defa8-bfa5-4791-bfd3-33f5eb73e71f,restaurant.company,resell,,,78,32,10,"Spaceship, Inc.",04/06/2023 15:15,04/06/2026 15:15
83d2507f-d82c-449a-848f-1d995a075aa0,restaurant.computer,premium,,,78,32,10,,,
0f920c64-be0e-4aa6-97a1-915b51b94c70,restaurant.condos,premium,,,78,32,10,,,
efb4a25f-6f50-4988-acdc-7e083efcf543,restaurant.construction,premium,,,78,32,10,,,
7d4a546f-2bca-4340-82be-f93766fcc5a5,restaurant.contact,premium,,,78,32,10,,,
20cb63c8-0ba3-4332-bfdd-4013f924e923,restaurant.contractors,premium,,,78,32,10,,,
e828a6a2-aaef-4d99-b2b8-531eeed0e91c,restaurant.cooking,premium,,,78,32,10,,,
386516ca-c4e2-47a1-9d13-22b28ca5ea03,restaurant.cool,premium,,,78,32,10,,,
3955171d-3b86-47dd-a523-fdf1b16c2961,restaurant.country,premium,,,78,32,10,,,
7304f9db-5187-4878-93e4-4b634dc39a80,restaurant.courses,premium,,,78,32,10,,,
95821713-c5ba-45e8-b174-50eb52e08e4f,restaurant.creditcard,premium,,,78,32,10,,,
54c06bbb-fb67-4895-ad66-d183a4f58615,restaurant.cricket,premium,,,78,32,10,,,
64eba72d-4c40-4863-b5b2-5ed034056c19,restaurant.cruises,premium,,,78,32,10,,,
d5a41ed7-d9e9-4889-8a00-d06c32f74225,restaurant.cyou,premium,,,78,32,10,,,
8b211e57-d694-4f15-95aa-b776b41b73ec,restaurant.dad,premium,,,78,32,10,,,
81a1efca-4961-4859-99a7-885cc0dfeddf,restaurant.dance,premium,,,78,32,10,,,
c3904841-8fbd-413c-8df3-0d3924c0a110,restaurant.date,premium,,,78,32,10,,,
1151bb24-4913-4ea5-88c9-4376689745bf,restaurant.dating,premium,,,78,32,10,,,
b95582d3-ad46-4236-a977-e3bd4a1792a2,restaurant.day,premium,,,78,32,10,,,
16a75538-c0b8-44fb-bef4-a487a3d0466e,restaurant.deal,premium,,,78,32,10,,,
1c0e07aa-0b9b-4bca-8a8d-e84f5d5d66e4,restaurant.dealer,premium,,,78,32,10,,,
eee0419d-7719-466a-92dc-af69a83bb466,restaurant.degree,premium,,,78,32,10,,,
8ef46bd8-a2eb-44a0-a4df-9c1a4b17e55b,restaurant.democrat,premium,,,78,32,10,,,
a0023516-e32c-4e70-8d49-80555842f7ba,restaurant.dental,premium,,,78,32,10,,,
b26271b3-0551-4ee3-815d-123a430becca,restaurant.dentist,premium,,,78,32,10,,,
a5a7ddfe-5f55-47de-88ef-d30bcb5f3c06,restaurant.design,premium,,,78,32,10,,,
c18b2f0d-7637-458d-b28f-9d58d15b852f,restaurant.dev,premium,411.25,411.25,78,32,10,name.com,,
2414ae3f-0d1f-4b28-adcf-69b84b590cc4,restaurant.diamonds,premium,,,78,32,10,,,
1918c680-e7be-4098-8747-2204051cbd5c,restaurant.diet,premium,,,78,32,10,,,
e411af92-d2c7-46ad-a360-f116eb74b946,restaurant.digital,premium,,,78,32,10,,,
55aa4115-3ac4-42e1-b3c9-b06d5c8e862d,restaurant.discount,premium,,,78,32,10,,,
bf258cde-764e-4c5c-a305-61344f94ae6a,restaurant.diy,premium,,,78,32,10,,,
1af32d60-ad88-41df-af41-e69da88eac45,restaurant.domains,premium,,,78,32,10,,,
06678b8b-c154-445f-a547-4d33321e09bd,restaurant.education,premium,,,78,32,10,,,
af4cb4fd-670d-4073-a87a-26c16c735d81,restaurant.email,resell,,,78,32,10,"Chengdu West Dimension Digital Technology Co., Ltd.",08/07/2015 16:00,08/07/2026 16:00
f5d7b277-f4d6-44f7-8b08-b646b472cff8,restaurant.engineer,premium,,,78,32,10,,,
3ef32ce5-3657-44e9-81ae-f4a64b48b052,restaurant.engineering,premium,,,78,32,10,,,
3a329140-c7f8-48a0-942b-0b37b3c2eed2,restaurant.enterprises,premium,,,78,32,10,,,
2e0f7a2e-458f-4b45-b125-741e5a7ffd71,restaurant.esq,premium,,,78,32,10,,,
283705fc-18da-464b-9ee0-bc68999aee89,restaurant.estate,premium,,,78,32,10,,,
abbf51ae-0c3d-460a-b4d2-730983c19eed,restaurant.events,premium,,,78,32,10,,,
479f4db7-0919-4f49-ad0f-6b64576502a9,restaurant.exchange,premium,,,78,32,10,,,
1875eed5-063c-48f2-974a-6294636e286f,restaurant.expert,premium,1040,1040,78,32,10,namecheap,,
4f4ea97d-4275-40ca-9e54-1d44470f6e12,restaurant.exposed,premium,,,78,32,10,,,
9d71326d-ca31-40f6-9a5c-990c48739e87,restaurant.express,resell,,,78,32,10,"Sav.com, LLC - 21",15/03/2025 15:15,15/03/2027 15:15
56130936-3b06-44f8-bd07-b7a044da4c74,restaurant.fail,premium,,,78,32,10,,,
f610cb18-aeab-4ad3-b294-67be4d3653d9,restaurant.faith,premium,,,78,32,10,,,
db4d53f8-be64-4b72-881b-923e0e9dd927,restaurant.family,premium,,,78,32,10,,,
df40c9a3-2664-4b05-bb1a-30d5fe77193f,restaurant.fan,premium,,,78,32,10,,,
0f88fc30-03e1-471b-b785-7ad48e1af368,restaurant.fans,premium,,,78,32,10,,,
fa3b78f5-2273-4f78-b480-f86e8bf92176,restaurant.fashion,premium,,,78,32,10,,,
271c1546-0b48-40ca-81e7-f2ce0aafafbb,restaurant.fast,premium,,,78,32,10,,,
f76c8f08-6c6d-4039-a84a-74da2bbf51f4,restaurant.film,premium,,,78,32,10,,,
9646a3d2-dd23-43dc-a0a1-a1dbf23a3645,restaurant.finance,resell,,,78,32,10,"Spaceship, Inc.",29/03/2021 08:12,29/03/2027 08:12
c638b2a4-5046-474b-ae1e-eb1bb841e5c1,restaurant.financial,premium,,,78,32,10,,,
466d4057-63ab-47b7-a7de-9906d67a6f4e,restaurant.fish,premium,,,78,32,10,,,
8309700c-fce8-438b-882b-3fe18fe36ac3,restaurant.fishing,premium,,,78,32,10,,,
8044f0d2-98ea-4014-9cb6-754e7734e2cd,restaurant.fit,resell,,,78,32,10,"Spaceship, Inc.",27/06/2025 15:47,27/06/2026 15:47
e196bf85-e524-4b3e-8e36-0e96f02e064d,restaurant.fitness,premium,,,78,32,10,,,
d55a4f24-0c6e-4962-92d5-e39fb1a69fc2,restaurant.flights,premium,,,78,32,10,,,
5d63ec94-47c3-4909-9189-86a9276492c6,restaurant.florist,premium,,,78,32,10,,,
84a91bc0-ac12-471c-aec5-4eec564dcbf3,restaurant.flowers,premium,,,78,32,10,,,
45611ef8-9ff7-452f-9900-45bc9beec069,restaurant.foo,premium,,,78,32,10,,,
2525579c-f76a-4f32-84d6-9910df93e56a,restaurant.food,premium,,,78,32,10,,,
42ac8794-28de-411e-922a-850e77d54b19,restaurant.football,premium,,,78,32,10,,,
21d8db8c-90d2-4469-8c6f-9139b10499d0,restaurant.forum,premium,,,78,32,10,,,
4059f056-4c22-45df-85b2-6977858a127d,restaurant.foundation,premium,,,78,32,10,,,
57ccc3f5-de90-4079-82ea-c6296b277f68,restaurant.free,premium,,,78,32,10,,,
fe6e7efd-541a-460f-b399-ff4da30e1af3,restaurant.fun,premium,,,78,32,10,,,
3770b3b1-5b0d-4ca5-ba27-981b2d370c2b,restaurant.futbol,premium,,,78,32,10,,,
23e30efc-6290-4db2-b3fe-1d81ff84ea30,restaurant.fyi,premium,,,78,32,10,,,
f3dc2572-c5ba-4c86-9e8e-3b0d3798c59d,restaurant.gallery,premium,,,78,32,10,,,
2afd08e1-50a0-4fc6-8008-026810858a7d,restaurant.game,premium,,,78,32,10,,,
7bdf88fc-ebcd-44de-be03-bdae4370084a,restaurant.games,premium,,,78,32,10,,,
b2b7b6d0-9057-4698-a587-3a2dfab51e8c,restaurant.gay,premium,,,78,32,10,,,
bd7f7348-f1a6-47ba-b001-e1bb8e8b0574,restaurant.gives,premium,,,78,32,10,,,
19dd399e-a3f5-432d-8da0-5359d8cd80d2,restaurant.giving,premium,,,78,32,10,,,
0a47382b-6614-431e-a856-f3c75898360f,restaurant.glass,premium,,,78,32,10,,,
30d299b3-451f-4c8a-ad30-29108836ec43,restaurant.global,premium,,,78,32,10,,,
5a754fe4-148c-4586-8c72-3cb39196aacd,restaurant.golf,premium,,,78,32,10,,,
683803a2-00f2-4512-a2d5-8bf5a47a3490,restaurant.graphics,premium,,,78,32,10,,,
8bc0bb79-67af-4cf6-9eab-44e90053a0c7,restaurant.gratis,premium,,,78,32,10,,,
68fec608-b429-4c7a-a83d-8a9a4e6d13d9,restaurant.green,premium,,,78,32,10,,,
3a24e07c-832b-4fe0-9811-60b52f3fd78a,restaurant.guitars,premium,,,78,32,10,,,
bdd3b1ac-7d82-4f63-a78b-014d772ce58f,restaurant.hair,premium,,,78,32,10,,,
360211a5-929b-485d-9949-e3aa23bbdb14,restaurant.haus,premium,,,78,32,10,,,
b031d11c-5e2e-4dff-a4a6-bbfc4f438838,restaurant.health,premium,,,78,32,10,,,
6911beb1-13d1-46d2-8898-ddf7c07f6426,restaurant.healthcare,premium,,,78,32,10,,,
8c693be3-07e0-4840-882d-c193ab8309ee,restaurant.hockey,premium,,,78,32,10,,,
5728de60-fa15-4208-9ccc-5dc1fb5e3fdc,restaurant.holdings,premium,,,78,32,10,,,
5eee9bd1-3f55-403a-86a4-e91806793148,restaurant.holiday,premium,,,78,32,10,,,
943b6126-f754-463b-95d4-2af9b1ac292e,restaurant.homes,premium,,,78,32,10,,,
c590e804-cb39-48b0-a5c3-1a13eb6b21ef,restaurant.horse,premium,,,78,32,10,,,
7f513b13-b58f-4181-97e4-d3da855b1c73,restaurant.hospital,premium,,,78,32,10,,,
bce7f86e-916b-4827-a9c0-f6effd1ed39f,restaurant.host,premium,,,78,32,10,,,
8168c403-fbb4-4331-9d8e-4986681dd5b0,restaurant.hosting,premium,,,78,32,10,,,
51515a64-5be3-4dca-9ede-ff4f6fb3a271,restaurant.hot,premium,,,78,32,10,,,
bb028446-545b-4958-b874-cb7faea33de9,restaurant.icu,premium,,,78,32,10,,,
43e8c0eb-7cc0-488f-a4f0-4e9240ffc40f,restaurant.immo,premium,,,78,32,10,,,
0f14ff9f-35c8-4b82-a514-72a5ebe6aa94,restaurant.immobilien,premium,,,78,32,10,,,
6bce2826-abe1-4c62-b76a-639b8c9e9435,restaurant.inc,premium,,,78,32,10,,,
ce6b822f-0275-46ee-a6ed-6f59ddc5e2da,restaurant.industries,premium,,,78,32,10,,,
fb591e62-ea4f-4a1c-bbc7-c81a5ac5993d,restaurant.ing,premium,,,78,32,10,,,
3d04266d-1fec-477b-a5a1-d18e7135fd15,restaurant.institute,premium,,,78,32,10,,,
c0dfee86-91f1-4521-ad6d-0eb595bd06db,restaurant.international,premium,,,78,32,10,,,
62308981-099f-4057-9c99-cd1a2d99e540,restaurant.investments,premium,,,78,32,10,,,
42e8d66e-13c6-461b-a6a6-a8e3e768fd96,restaurant.jetzt,premium,,,78,32,10,,,
7e19602e-99ca-44a7-a955-5991c8e1fcb4,restaurant.jewelry,premium,,,78,32,10,,,
15649d0e-c816-4339-9b09-e8539e8ed999,restaurant.juegos,premium,,,78,32,10,,,
d5b7c4dc-cffd-473f-8d6c-178c2854ad7a,restaurant.kaufen,premium,,,78,32,10,,,
215ae442-922d-47cc-bfae-9e85b9b72233,restaurant.kids,premium,,,78,32,10,,,
4b2b13dc-6ec8-4d40-a41a-a5ca60ba5660,restaurant.kim,premium,,,78,32,10,,,
e1522e07-f4d6-4c16-adae-10aab2e91b2b,restaurant.land,premium,,,78,32,10,,,
9f791b15-5584-4925-93dc-2129c0fff693,restaurant.lawyer,premium,,,78,32,10,,,
c791f07a-d624-4b4b-b6f2-455ccb6ad61d,restaurant.lease,premium,,,78,32,10,,,
eab30aa0-0353-43e7-9564-61a621a423dc,restaurant.legal,premium,,,78,32,10,,,
8e5c427e-9a00-4698-b92c-26ab467ac3e6,restaurant.lgbt,premium,,,78,32,10,,,
d292c7e5-1577-4bb9-a4db-d6136e28d103,restaurant.lifestyle,premium,,,78,32,10,,,
399f3955-b862-4080-bde0-c488489dbc7c,restaurant.limited,premium,,,78,32,10,,,
d2cc49f9-498b-4451-ae8c-1e3cbf664061,restaurant.limo,premium,,,78,32,10,,,
c204e482-656b-4877-866e-387e99c309d6,restaurant.link,premium,,,78,32,10,,,
d749a146-348b-4c80-9020-0f69584fcaea,restaurant.live,resell,,,78,32,10,"Spaceship, Inc.",03/02/2024 15:15,03/02/2027 15:15
f1fb37ff-79c6-4f5a-b7bb-3cae83b3be0f,restaurant.living,premium,,,78,32,10,,,
6a72beca-c007-4e0a-a78a-2208b0ccaca7,restaurant.llc,premium,,,78,32,10,,,
a23a4e71-d270-4c37-b48f-bfb9ce0d8970,restaurant.loan,premium,,,78,32,10,,,
21b30c70-641d-4029-9e1b-3414652a412e,restaurant.locker,premium,,,78,32,10,,,
003dc5c4-eb81-4d43-bfa6-ab5a6e6f674f,restaurant.lol,premium,,,78,32,10,,,
c2eb2de3-c110-4659-9d2c-d1035c941644,restaurant.london,premium,,,78,32,10,,,
9b42dddc-c53b-4d4c-8df8-6be791fbe05a,restaurant.love,premium,,,78,32,10,,,
01cc29f4-47dd-4c27-a1ba-6b8237334332,restaurant.ltda,premium,,,78,32,10,,,
20fb1df2-da31-416b-a5c5-c9707a0bd3a0,restaurant.luxury,premium,,,78,32,10,,,
86eca12e-69f1-4e9d-a2aa-2a7da05e2f1d,restaurant.maison,premium,,,78,32,10,,,
30cc0d3a-b057-4f93-8613-b17064474ddb,restaurant.makeup,premium,,,78,32,10,,,
effbfbd7-63d3-48c2-984b-9dd683efc0b7,restaurant.market,premium,,,78,32,10,,,
3585b83e-c5a2-4a01-bbbb-08adf97f568f,restaurant.mba,premium,,,78,32,10,,,
1ece3d52-3233-4ab7-aa88-3723482a30d7,restaurant.melbourne,premium,,,78,32,10,,,
618e7422-cf35-4ac0-9817-2a8d41777a76,restaurant.meme,premium,,,78,32,10,,,
b21f740a-af16-4438-b2f9-a53234d63d3a,restaurant.memorial,premium,,,78,32,10,,,
da8a1c1a-89d2-4fba-bd71-ea7805d6d71a,restaurant.men,resell,,,78,32,10,Dynadot Inc,04/08/2024 19:00,04/08/2027 19:00
4354309d-1614-49b3-b301-4f6bb0309701,restaurant.moda,premium,,,78,32,10,,,
368a7f56-deeb-4b40-a482-27d4676b6567,restaurant.moe,premium,,,78,32,10,,,
dbdd25ed-ee2b-406d-bb7a-63f24b9207b2,restaurant.mom,premium,,,78,32,10,,,
f0add99a-08c7-45b7-a790-0de495dd32e7,restaurant.monster,premium,,,78,32,10,,,
2fc571c9-b063-41ea-be78-0ac242cebd60,restaurant.mortgage,premium,,,78,32,10,,,
dc833dad-6eb9-4266-8e3a-546a1fdbed02,restaurant.motorcycles,premium,,,78,32,10,,,
b62eec96-6e71-4a8c-9f34-437237fe5134,restaurant.mov,premium,,,78,32,10,,,
4f798326-339c-4b24-8da2-15f33d814fec,restaurant.movie,premium,,,78,32,10,,,
0ddff45d-6286-460a-a449-c35c08df2abf,restaurant.navy,premium,,,78,32,10,,,
db1691f8-4627-4aec-ae74-2e3c81a89720,restaurant.news,premium,,,78,32,10,,,
fdd6d399-592e-4ada-8184-ee4bf119ce13,restaurant.nexus,premium,,,78,32,10,,,
9de97b96-cb05-469f-ae57-4f1f4c879f90,restaurant.ngo,premium,,,78,32,10,,,
25fd9a2d-5dbb-4695-a15f-7b01149765ac,restaurant.observer,premium,,,78,32,10,,,
5563cac1-8eba-4365-b2d4-2e63b4a9e461,restaurant.one,premium,,,78,32,10,,,
1501f847-fc45-4fd6-8c01-10921b16148d,restaurant.ong,premium,,,78,32,10,,,
45c51c41-3fbc-4312-9cef-ae4e3fb3dba7,restaurant.onl,premium,,,78,32,10,,,
278ae754-6a3a-4fa9-b3ec-97b1193bce17,restaurant.online,premium,3125,12500,78,32,10,name.com,,
e0588b97-aae4-4977-b994-b32922f4b6b6,restaurant.page,premium,,,78,32,10,,,
7ec3e95e-3d12-4e1b-a17a-76feb2b26df9,restaurant.party,premium,,,78,32,10,,,
d1216b13-6090-4cc8-a509-9edcbc91c74b,restaurant.phd,premium,,,78,32,10,,,
e4cd9db5-61d3-47aa-a3ce-8e4de51f76f6,restaurant.photo,premium,,,78,32,10,,,
61e4b17e-6290-49aa-aa0e-b5772c2586ba,restaurant.pics,resell,,,78,32,10,"Spaceship, Inc.",26/10/2024 10:26,26/10/2027 23:59
845f690b-ac71-4e81-9683-b67ced356efa,restaurant.pictures,resell,,,78,32,10,"GoDaddy.com, LLC",16/06/2022 01:56,16/06/2026 01:56
ca1476d6-6c37-43bb-a2cc-75fdb2249b4e,restaurant.pink,premium,,,78,32,10,,,
9e5c34df-41b4-4fb5-8196-f2bda2b7ad9e,restaurant.pizza,premium,,,78,32,10,,,
fda4dfda-6b37-449c-a12d-c68acb167ca1,restaurant.place,premium,,,78,32,10,,,
2f0b9d9d-cad0-4e4e-9178-e203600d6d74,restaurant.plumbing,premium,,,78,32,10,,,
4c83b924-ef0f-4e26-b4eb-045a7055cdc1,restaurant.plus,resell,,,78,32,10,"DNSPod, Inc.",18/03/2021 14:21,18/03/2027 14:21
a9cd0096-748a-4626-9dc9-49d4773242b8,restaurant.poker,premium,,,78,32,10,,,
2814bbc7-03a8-4707-a7f3-ecb27f25c58f,restaurant.porn,premium,,,78,32,10,,,
e9ebb4d0-c39c-4e7a-b7eb-40448865d97e,restaurant.press,premium,,,78,32,10,,,
75507b49-4a7c-4677-813b-fb365ba7eb50,restaurant.productions,premium,,,78,32,10,,,
558d7194-9c40-43c7-8c19-57bf28032689,restaurant.prof,premium,,,78,32,10,,,
18f54273-32c1-4826-a789-b90e8eb20d45,restaurant.promo,premium,,,78,32,10,,,
49347d50-a992-4b70-af61-7864ae569502,restaurant.protection,premium,,,78,32,10,,,
9538df56-9d48-4d8b-b8be-6011f6744d8d,restaurant.pub,premium,,,78,32,10,,,
9cb3e859-d40d-4af0-a44e-6fd86f74c5af,restaurant.pw,premium,,,78,32,10,,,
dd877d9b-4433-4aab-9697-9d994fc160aa,restaurant.quest,premium,,,78,32,10,,,
40f83284-4450-4748-bcc5-d6503309eab8,restaurant.racing,premium,,,78,32,10,,,
2f0d96a0-e44d-4009-8f13-ceb24454b9b2,restaurant.realty,premium,,,78,32,10,,,
70862e03-be71-47eb-aead-8a59eb65d7ac,restaurant.red,resell,,,78,32,10,"Spaceship, Inc.",02/11/2020 14:31,02/11/2026 14:31
a48e5921-0c04-46bd-a5e8-41d3223ff333,restaurant.rehab,premium,,,78,32,10,,,
8636c20d-e55b-4cac-980c-fe9d915cfd57,restaurant.reise,premium,,,78,32,10,,,
913b41a5-50c2-432b-88e8-5060e901503e,restaurant.reisen,premium,,,78,32,10,,,
b25a4b47-3611-4677-823c-181b70cb11c2,restaurant.rent,resell,,,78,32,10,"Go Daddy, LLC",22/08/2020 14:06,22/08/2026 23:59
9f28920f-5b6a-4c25-8918-0c99a3e0ce9a,restaurant.rentals,premium,,,78,32,10,,,
85a381e8-f7cc-495c-8a78-e6ceab266de8,restaurant.republican,premium,,,78,32,10,,,
826fd4a8-aa8e-46ed-aaf1-31fcb369fa29,restaurant.rich,premium,,,78,32,10,,,
f3ed1769-4ea4-4da8-87db-5e82f8369c85,restaurant.rip,premium,,,78,32,10,,,
83316bc7-324c-475e-818f-83b574ea2507,restaurant.rsvp,premium,,,78,32,10,,,
98e6f265-1e88-4792-a53a-5b5b5ee112ed,restaurant.run,resell,,,78,32,10,"DNSPod, Inc.",23/09/2018 07:08,23/09/2026 07:08
189f354d-8f7b-4c90-9462-adb6fafdae97,restaurant.sale,premium,,,78,32,10,,,
0094295f-87e0-4209-b9ff-e7489fa2a5c3,restaurant.salon,premium,,,78,32,10,,,
54007bdf-cea0-4f41-997f-09fb3addd0d5,restaurant.school,resell,,,78,32,10,"Xiamen ChinaSource Internet Service Co., Ltd",03/12/2022 03:54,03/12/2026 03:54
c84160bd-bd37-4fe1-af1b-9a383ca3ab44,restaurant.schule,premium,,,78,32,10,,,
6167c114-290a-4da6-9764-f2cbc66b38e4,restaurant.science,premium,,,78,32,10,,,
5c40ac26-674f-45ff-bd0a-e4d6ae06633d,restaurant.security,premium,,,78,32,10,,,
df28c787-81fd-40f3-9351-883cb14bd08a,restaurant.services,premium,,,78,32,10,,,
f02a578f-84c3-45cd-8d1f-c8cf239ff1cb,restaurant.sexy,premium,,,78,32,10,,,
965269fa-efee-4033-b27a-a5f7c47b1f31,restaurant.shiksha,premium,,,78,32,10,,,
d676b8fd-410d-4c6a-aadb-4d987656aa11,restaurant.shoes,premium,,,78,32,10,,,
963fde71-e10c-478f-84b0-c91b9b858b07,restaurant.shopping,premium,,,78,32,10,,,
77a6075f-8df2-451c-b487-b8442ff409a0,restaurant.singles,premium,,,78,32,10,,,
55875eeb-3608-42ac-a7ed-9d4fcc37af53,restaurant.ski,premium,,,78,32,10,,,
6ef07774-b267-4f88-ace4-a588db87b0ba,restaurant.skin,premium,,,78,32,10,,,
08814d15-0cd9-44b9-8069-c827136dc271,restaurant.soccer,premium,,,78,32,10,,,
95b14f77-f3bd-43e2-858f-482aeb37fffa,restaurant.social,resell,,,78,32,10,Unstoppable Domains Inc,29/11/2023 15:15,29/11/2026 15:15
ab184767-7afd-47bd-ad35-c0ad8c8b058c,restaurant.software,premium,,,78,32,10,,,
f7d2830f-f852-4645-a420-e7e4b62da3be,restaurant.solar,premium,,,78,32,10,,,
c16bd925-8c29-4477-969e-cbb343908380,restaurant.solutions,resell,,,78,32,10,"Sav.com, LLC",02/06/2015 22:59,02/06/2026 22:59
f139f128-c485-47ca-81e0-918d8795f5e8,restaurant.soy,premium,,,78,32,10,,,
e2b83c4c-bb78-4d4c-a5b8-f2ba523f7065,restaurant.space,premium,812.5,3250,78,32,10,namecheap,,
3071612a-1a25-4861-8c24-6b31d2e5d456,restaurant.spot,premium,,,78,32,10,,,
b46f452c-8bd3-4e35-8750-bd266b20386b,restaurant.srl,premium,,,78,32,10,,,
d49b63da-9367-4a0a-90f6-e09be0afb9f5,restaurant.studio,premium,,,78,32,10,,,
579b73eb-9628-4fe4-a652-3f80e6a11637,restaurant.study,premium,,,78,32,10,,,
28b717e5-18d2-486e-bb5b-c9c40f770da2,restaurant.style,premium,,,78,32,10,,,
fb492e39-96de-4a53-abe6-363e83867085,restaurant.sucks,premium,,,78,32,10,,,
39e7282e-279b-46a5-916a-308f0ea39811,restaurant.supply,resell,,,78,32,10,"GoDaddy.com, LLC",26/10/2020 18:57,26/10/2026 18:57
6bb549a1-90d8-4b36-8bc2-f342aef6841d,restaurant.surf,premium,,,78,32,10,,,
0449a175-daa4-44b5-bee9-eabf96ac954a,restaurant.surgery,premium,,,78,32,10,,,
14e1d481-0ac6-4615-8d6e-fe25b40c82cf,restaurant.talk,premium,,,78,32,10,,,
3ba65f40-a618-4430-9e4a-1d6188ae1a2e,restaurant.tattoo,premium,,,78,32,10,,,
b11ce94c-4107-42d9-bb0d-80190a6846a4,restaurant.taxi,premium,,,78,32,10,,,
c16a5bd2-19b2-439d-bb5f-03fcf4ee89bd,restaurant.team,premium,,,78,32,10,,,
cb1679a2-a908-4574-a245-69a593c82e75,restaurant.tech,premium,781.25,3125,78,32,10,name.com,,
59a059da-f961-4b34-9623-c4a03c1c41cd,restaurant.technology,resell,,,78,32,10,"GoDaddy.com, LLC",30/01/2026 17:05,30/01/2027 17:05
560ef246-823e-406c-ae7f-ec9bbe5f9be1,restaurant.tennis,premium,,,78,32,10,,,
c1a19129-0587-4b48-bd7c-136aa18c26b8,restaurant.theatre,premium,,,78,32,10,,,
689f7b73-25bb-4554-8a67-07cdaa16f326,restaurant.tienda,premium,,,78,32,10,,,
ecd8a515-5d6b-459c-a6f6-70435353d4a0,restaurant.tips,premium,,,78,32,10,,,
19bf5bb7-adc6-43cf-9bb9-93a113ecb2ba,restaurant.tires,premium,,,78,32,10,,,
c3274c77-1ac4-4dbb-a7ba-b85ea49ebdd1,restaurant.today,premium,,,78,32,10,,,
7d716169-6d62-4313-aadd-725fb4ee3e05,restaurant.tools,premium,,,78,32,10,,,
b38fb1a2-d35e-4236-b218-1f200263b60c,restaurant.top,premium,,,78,32,10,,,
671e75f6-e05d-4153-b762-094df9fa30b3,restaurant.town,premium,,,78,32,10,,,
9af383be-745e-4d00-8335-ddb0e07e7235,restaurant.toys,premium,,,78,32,10,,,
518a6adb-412d-43c1-8a34-6afcbde3eab4,restaurant.tube,premium,,,78,32,10,,,
9e914110-a24e-47ef-9826-fd0a3df4a3a9,restaurant.university,resell,,,78,32,10,"Wild West Domains, LLC",30/07/2014 16:00,30/07/2026 16:00
f6ff1bc0-4583-412e-977e-8876fb16f2e9,restaurant.uno,premium,,,78,32,10,,,
4fdf9448-1654-4b38-9a84-410c667b8c97,restaurant.vacations,premium,,,78,32,10,,,
0f3bcd6c-0629-43f9-878d-36a837dd09e6,restaurant.vana,premium,,,78,32,10,,,
ddf7ac44-3b33-41c8-9534-d410dacf041f,restaurant.vc,resell,,,78,32,10,"Name.com, Inc.",06/04/2019 07:12,06/04/2027 07:12
cae76df1-e901-413d-a417-ea8bd29f3900,restaurant.vegas,resell,,,78,32,10,Dynadot Inc,16/06/2025 13:10,16/06/2026 13:10
34559515-113d-480c-83b3-16b5a9753ba1,restaurant.vet,premium,,,78,32,10,,,
ad1f8334-6e3c-4bb5-8b30-65e78dca84c5,restaurant.viajes,premium,,,78,32,10,,,
a48d7d69-bebb-4a30-849a-cf8a4b9a75f7,restaurant.video,premium,,,78,32,10,,,
6a042ee4-f653-4e31-b18c-f0ada6663bf8,restaurant.villas,premium,,,78,32,10,,,
525d9afe-781b-4d37-b477-328e30c507f4,restaurant.vision,premium,,,78,32,10,,,
1e0d1b91-f70e-4a3c-91ab-b162c7c61d0e,restaurant.vodka,premium,,,78,32,10,,,
9d95f516-9b06-4961-977d-fa59232f9193,restaurant.vote,premium,,,78,32,10,,,
616deeba-9547-4c7a-b6b5-a5ab799dc3d8,restaurant.voto,premium,,,78,32,10,,,
661421c1-676d-484c-92b1-ee5f5159ee4e,restaurant.watch,premium,,,78,32,10,,,
5437d403-3f77-4cd5-b551-4123c488bdff,restaurant.webcam,premium,,,78,32,10,,,
009f7bfd-1a42-48e1-a86e-161f0ff834ff,restaurant.website,premium,,,78,32,10,,,
9379ed53-8b01-4797-85d2-c01d91e12b3f,restaurant.wedding,premium,,,78,32,10,,,
c7ca1616-daf5-4b7b-9b79-b5cf5daad2a3,restaurant.win,premium,,,78,32,10,,,
d49c09c9-332f-4dd3-8ab9-34a15e2d5bad,restaurant.wine,premium,,,78,32,10,,,
d51e0352-eb03-4afe-a1db-925b4c5c7154,restaurant.work,premium,,,78,32,10,,,
d635ac32-b1ba-469e-9984-fea3e5626c68,restaurant.works,premium,,,78,32,10,,,
87c3649e-8107-4eb1-895b-d017a4b6d2b6,restaurant.wtf,premium,,,78,32,10,,,
22303679-a76a-4566-90c4-63a3d0c4216c,restaurant.xyz,resell,,,78,32,10,"Spaceship, Inc.",28/02/2023 03:32,28/02/2027 23:59
51a614f9-a053-44aa-bcd1-d99cbc9f644e,restaurant.yachts,premium,,,78,32,10,,,
af320075-3029-45a6-b93a-a8d116341895,restaurant.yoga,premium,,,78,32,10,,,
e59e8c88-cd72-4011-bdcf-9be5c8940ba6,restaurant.you,premium,,,78,32,10,,,
adf6f880-7cc5-472e-9d2a-1a5bc38c7739,restaurant.zip,premium,,,78,32,10,,,
9d4b8cf1-65aa-4018-8a0e-23fd154ecf38,restaurant.zone,resell,,,78,32,10,Squarespace Domains II LLC,17/07/2020 22:50,17/07/2026 22:50
236e62cf-1744-4ee6-9a2f-e3a108b2fa01,restaurant.at,premium,,,78,27,10,,,
581329a5-a5b5-42a0-bbc6-7d76632f0225,restaurant.bar,premium,,,78,27,10,,,
cf4d05cf-e589-41fc-9dc5-fad554e11ed8,restaurant.beer,premium,,,78,27,10,,,
9aed3b1b-bd32-41e7-8ea5-6a8aa70b0a39,restaurant.care,premium,,,78,27,10,,,
4609e4ce-b756-445e-ab3a-866ea7fa760e,restaurant.delivery,premium,,,78,27,10,,,
7bbc2344-362f-44ff-b90c-f0a2348acb59,restaurant.equipment,premium,,,78,27,10,,,
e01fc59f-712d-44b7-a65f-1d0087b41181,restaurant.forsale,premium,,,78,27,10,,,
cc7f3c24-115a-4d98-be69-4a18ba3074b5,restaurant.gg,resell,,,78,27,10,"Spaceship, Inc (https://www.spaceship.com)",,
d5a28d08-850e-41b9-b7cc-13e5d280dd2c,restaurant.gmbh,premium,,,78,27,10,,,
b1f3111f-3695-4626-9610-05f300917b29,restaurant.hiphop,premium,,,78,27,10,,,
d976be2c-f7bf-4183-8628-357eaadbfe8c,restaurant.hiv,premium,,,78,27,10,,,
eb3a4243-2c6d-4ab1-a9d3-c478f84514ef,restaurant.im,premium,,,78,27,10,,,
94378999-bf76-4775-93d6-660dfa56e050,restaurant.lat,resell,,,78,27,10,Dynadot LLC,09/11/2025 09:28,09/11/2026 23:59
5b56f1cd-ca22-44da-8a80-82dce66674d9,restaurant.menu,premium,,,78,27,10,,,
550ade8a-b89d-4f77-8980-7c9dab428595,restaurant.music,premium,,,78,27,10,,,
1af6c5e1-3b92-451c-bb73-c700a18db953,restaurant.osaka,premium,,,78,27,10,,,
7e822d40-559c-468b-bf1e-e87631480bf4,restaurant.property,premium,,,78,27,10,,,
86fc00cb-c458-460c-980d-17bd19c18fa9,restaurant.qpon,premium,,,78,27,10,,,
7e4bf9a0-e2e1-4fd5-ab96-270fafb251d7,restaurant.rest,premium,,,78,27,10,,,
8418e115-05a1-41a5-8846-cf0eabe83f68,restaurant.so,resell,,,78,27,10,SOSTEC TECHNOLOGIES_LR,20/06/2024 04:48,20/06/2026 04:48
4d6876b7-f740-4906-b3e4-108816a60a14,restaurant.sydney,premium,,,78,27,10,,,
782b08c9-ee5f-41e8-a31f-0f0bfcf87325,restaurant.travel,premium,,,78,27,10,,,
5237c4e3-0ee3-403c-8340-152b8c2e3c82,beverage.ai,resell,,,60,88,8,Dynadot Inc,17/05/2022 13:41,17/05/2026 13:41
830a7b3c-7fca-4c75-8194-28593c799fcb,beverage.cloud,premium,650,650,60,88,8,namecheap,,
2eaae45a-45b9-4a00-b21e-960d394eaa54,beverage.co,resell,86250,48.99,60,88,8,"GoDaddy.com, LLC",31/08/2010 18:23,30/08/2025 23:59
7087bbea-cdec-4564-8e6b-59b68319e056,beverage.dev,premium,61.25,61.25,60,88,8,name.com,,
f4d7a106-c3ec-404b-b1ac-d557e4b9fc16,beverage.gg,premium,,,60,88,8,,,
2300259d-16d7-42da-b90e-9ae4a45034c6,beverage.ninja,available,42.98,,60,88,8,namecheap,,
eee6a928-64e1-4f8b-9c65-538dec989e23,beverage.site,premium,78.12,312.5,60,88,8,name.com,,
dfca44cc-1fd6-4e15-89d5-ac9afffe43ce,beverage.so,available,68.98,,60,88,8,namecheap,,
9841143f-bf77-49c5-a664-0046e76d78b8,beverage.space,premium,162.5,650,60,88,8,namecheap,,
c94f309d-847f-4fb5-9519-9791e451b213,beverage.store,premium,781.25,3125,60,88,8,name.com,,
9aba2f6a-d955-4f37-9d97-61b2443f8a83,beverage.tech,premium,312.5,1250,60,88,8,name.com,,
9ed762d2-6eca-40d9-b337-1058fff27678,beverage.zone,available,51.98,,60,88,8,namecheap,,
c53b36fc-1ffd-48e1-9bb3-c5408c68b8df,Foods.at,resell,,,56,92,5,InterNexum GmbH ( https://nic.at/registrar/659 ),,
ef73316b-5127-462f-9acb-e71e7bf9b463,Foods.cloud,premium,1300,1300,56,92,5,namecheap,,
7747bcba-11ca-4d1a-9fd8-4ddfe2c840b1,Foods.dev,premium,206.7,206.7,56,92,5,namecheap,,
5efd7b1f-9979-4767-9211-ce46f5b1f9de,Foods.expert,premium,,,56,92,5,,,
df4106f6-b53b-4f61-bdf9-1214d1ec91a5,Foods.ninja,available,42.98,,56,92,5,namecheap,,
c202f693-e5d5-47fb-a641-68cb6e4a5be0,Foods.online,premium,325,1300,56,92,5,namecheap,,
201bda77-b4bc-4350-9ca2-b4b8c772f64c,Foods.site,premium,325,1300,56,92,5,namecheap,,
d4e61c86-48be-4d87-8667-523cb7d6080c,Foods.so,available,68.98,,56,92,5,namecheap,,
ba2bef8a-ea32-4f80-9005-15acd0f66370,Foods.space,premium,1625,6500,56,92,5,namecheap,,
44bdc3bf-8b89-4041-a683-8d2e3e0ac55c,Foods.store,premium,1625,6500,56,92,5,namecheap,,
fb67d2f5-e1ec-4ba1-bf35-9c8886291c3e,Foods.tech,premium,812.5,3250,56,92,5,namecheap,,
9df95691-8088-49be-84f3-fd197d560d46,Foods.xyz,resell,,,56,92,5,"Go Daddy, LLC",02/06/2014 17:09,02/06/2026 23:59
dc220695-b3cd-445f-96b9-81ad3d1b4e12,meal.at,premium,,,90,92,4,,,
d8046ea5-16eb-4c28-a4b8-b06d61101929,meal.com,resell,,,90,92,4,Paimi Inc,26/07/1995 04:00,25/07/2026 04:00
36e94206-4c87-4d0f-bf93-1edfdf4f4884,meal.io,resell,,,90,92,4,"GoDaddy.com, LLC",26/08/2017 00:12,26/08/2025 00:12
66114de9-2dfe-4abb-9c72-c71e97ab8475,meal.online,premium,,,90,92,4,,,
f21c9b81-1b2c-43a9-be92-d3c5493750cc,meal.site,premium,,,90,92,4,,,
f78b4ef9-7c61-4d85-9bb9-4d8b00acc0c5,meal.space,premium,,,90,92,4,,,
7af553e8-e606-475a-8094-85474682b803,meal.store,premium,,,90,92,4,,,
b94e8519-46b2-4382-bb18-a7ff4aae7c68,meal.tech,premium,,,90,92,4,,,
03786c3f-3620-4254-a4b7-ce7fa0cdf57f,meal.xyz,resell,,,90,92,4,"Go Daddy, LLC",02/06/2014 17:29,02/06/2026 23:59
ec26e2ef-c399-4a43-991a-8b2aaa69e1ba,din.ing,premium,39000,39000,81,15,6,namecheap,,
b2e4943b-0f37-4a66-b388-e345d6c42891,dining.ac,available,38.98,,81,15,6,namecheap,,
d4c524c7-7eb7-4cc3-a0b2-34f76274b80e,dining.academy,resell,,,81,15,6,Squarespace Domains LLC,16/09/2024 17:29,16/09/2026 17:29
733b0f4f-9e7c-410f-a9fa-5a0deaf7c2bb,dining.accountant,available,31.98,,81,15,6,namecheap,,
ac0ac600-bf96-4e8a-888b-104e7d62ee25,dining.accountants,available,145.98,,81,15,6,namecheap,,
654c70ea-d097-489f-8d15-a83e0045498a,dining.actor,available,54.98,,81,15,6,namecheap,,
a07626ff-35a3-44fe-8aca-743fd59d13dc,dining.adult,available,166.98,,81,15,6,namecheap,,
43a415b6-383b-495a-a7e5-7803f03b6f38,dining.ag,premium,,,81,15,6,,,
2d78d1cd-adba-4c73-88c2-d530685dafd8,dining.agency,available,41.98,,81,15,6,namecheap,,
7aa1f66b-c34f-42d9-8c94-bc3b21dc587d,dining.airforce,available,134.98,,81,15,6,namecheap,,
5c9f5b85-f54b-4862-be5c-8cb8202ab9e8,dining.apartments,available,72.98,,81,15,6,namecheap,,
98199c6f-46f8-4844-936e-46ad11e4acb7,dining.archi,available,132.98,,81,15,6,namecheap,,
1566d5c3-8c70-4ea4-9a70-5fda2448ca4e,dining.army,available,48.98,,81,15,6,namecheap,,
9d207233-85d5-429d-b8e3-4406b4bd35c6,dining.art,premium,354.9,91,81,15,6,namecheap,,
e7bbf33a-4a7d-427b-9246-b4ebeda05b28,dining.asia,resell,,,81,15,6,"GoDaddy.com, LLC",19/08/2008 05:02,19/08/2027 05:02
5558dc72-696f-4545-9e47-965228296af5,dining.associates,available,49.98,,81,15,6,namecheap,,
1b9b5ed5-db95-4b4a-a576-0bde86ad538e,dining.attorney,available,76.98,,81,15,6,namecheap,,
1e0a49ff-7230-4844-89f0-9156d92130d8,dining.auction,available,46.98,,81,15,6,namecheap,,
5113c1c1-1fce-4c0d-a236-63b6da04040b,dining.audio,available,159.98,,81,15,6,namecheap,,
abc45c1e-85cc-4b37-862d-4850a3959cd9,dining.auto,available,2950,,81,15,6,namecheap,,
132db1b4-8bcb-4e67-9c6d-4a270fd1ae46,dining.autos,available,19.98,,81,15,6,namecheap,,
2fee5b66-c292-43b3-847b-c98d8b131182,dining.baby,available,81.98,,81,15,6,namecheap,,
0fd11095-e651-4a5d-8a28-0ca22198e7be,dining.band,available,39.98,,81,15,6,namecheap,,
26b328e8-ecd1-452a-9536-a6509d155901,dining.barcelona,available,38.98,,81,15,6,namecheap,,
9c145812-526d-4fc0-b286-dde81dfc4d9c,dining.bargains,premium,42.9,42.9,81,15,6,namecheap,,
3778e071-9b5e-4919-b99c-30895736f455,dining.bayern,premium,,,81,15,6,,,
659f8e97-a5a2-428e-97d2-6f63f43088a4,dining.beauty,available,19.98,,81,15,6,namecheap,,
800aab7f-3fc5-4cbe-9a37-94410c2c81c0,dining.berlin,available,71.98,,81,15,6,namecheap,,
7a71aa6e-e0b7-473b-8168-5d8fb24dd953,dining.best,premium,91,91,81,15,6,namecheap,,
e3647251-d782-4a37-8fd5-06f57dcaed0b,dining.bet,available,35.98,,81,15,6,namecheap,,
df24fa86-b69e-4aa5-a84d-1450d39560e1,dining.bid,available,9.98,,81,15,6,namecheap,,
c45eae56-4102-4e25-a616-92a522b1e968,dining.bike,available,48.98,,81,15,6,namecheap,,
6c4d0a7f-c4f7-47c6-b381-6736e80b9cd5,dining.bingo,available,68.98,,81,15,6,namecheap,,
b9376b09-6583-46dd-aeb9-49494a856386,dining.bio,premium,128.7,128.7,81,15,6,namecheap,,
65334a88-89e1-4086-a5cf-16baeb128504,dining.biz,resell,,,81,15,6,"GoDaddy.com, LLC",08/01/2016 18:18,07/01/2027 23:59
988f1cb5-e277-453d-944f-93ff792f0c60,dining.black,available,82.98,,81,15,6,namecheap,,
0c4c0400-e38c-4de7-b091-85e816671879,dining.blackfriday,available,134.98,,81,15,6,namecheap,,
9e3dd237-93ac-4a82-a028-af994ef93f9b,dining.blog,premium,650,2600,81,15,6,namecheap,,
5b8c0b7f-9638-4fe7-9c64-a2998dd78b2b,dining.blue,available,32.98,,81,15,6,namecheap,,
49b14a74-d651-499b-a3b7-101400fa5ee3,dining.boats,available,19.98,,81,15,6,namecheap,,
9125d325-d940-438e-9277-d9cac8c105bb,dining.bond,premium,95.55,382.2,81,15,6,namecheap,,
9e1c7705-d727-4eed-a58b-62dd66c02926,dining.boo,premium,167.7,167.7,81,15,6,namecheap,,
3351aa23-66d9-4638-88b1-5f635ce60a42,dining.boston,premium,104,19.5,81,15,6,namecheap,,
b0d8a25f-3963-492f-a4d6-a538e4729d12,dining.bot,premium,130,130,81,15,6,namecheap,,
373cc886-1d36-44ed-a18c-8ef484270df8,dining.boutique,available,41.98,,81,15,6,namecheap,,
f92194e5-c55d-4da5-b5af-5124cd62554d,dining.broker,available,19.99,,81,15,6,name.com,,
402f8058-7de1-44be-9a3e-3ab82b9f7ae1,dining.build,premium,325,325,81,15,6,namecheap,,
8267bfff-ae3d-4fc5-b388-fdc99ba55296,dining.builders,available,43.98,,81,15,6,namecheap,,
23cc4c38-6ea0-4ab5-889a-1786edef240a,dining.business,available,25.98,,81,15,6,namecheap,,
071124f4-258e-42d3-a833-53f4738be05f,dining.bz,available,26.98,,81,15,6,namecheap,,
ec669a2e-2235-4276-846c-4764d699d305,dining.cab,available,41.98,,81,15,6,namecheap,,
4bb67bfb-d648-4d64-98b4-c01d23cca5fc,dining.cafe,available,64.98,,81,15,6,namecheap,,
97a8d277-ff03-4d09-99ea-c3a1fa8587f7,dining.cam,available,22.98,,81,15,6,namecheap,,
c60c7517-ccef-49e3-8ef3-d3cb3681b708,dining.camera,available,72.98,,81,15,6,namecheap,,
1b864725-1234-45b7-84e8-640afcea14c7,dining.camp,available,78.98,,81,15,6,namecheap,,
c8f97e10-7a22-42a4-a67f-b3d1ba062cdc,dining.car,available,2400,,81,15,6,namecheap,,
94bf8d08-82ec-4628-a453-6c07baa7bb40,dining.cards,available,48.98,,81,15,6,namecheap,,
8874546e-c046-4d4e-b02c-1760fb34b39b,dining.care,available,59.98,,81,15,6,namecheap,,
9ba4142b-a6cb-4878-b913-82c3fa8f91f8,dining.cars,available,2950,,81,15,6,namecheap,,
150b4433-45d2-45c2-921a-0201b9cf83be,dining.casa,available,17.98,,81,15,6,namecheap,,
870ae4e6-8ce3-4842-ace2-d591181515b0,dining.cash,available,50.98,,81,15,6,namecheap,,
8b14b136-45cf-4f47-8a5b-244b76515515,dining.casino,available,191.98,,81,15,6,namecheap,,
98a18517-3661-4f04-99e4-6b0b2298f167,dining.catering,premium,260,260,81,15,6,namecheap,,
90e130f7-f46a-46d3-8cd1-dc7a5110919c,dining.cc,resell,,,81,15,6,"GoDaddy.com, LLC",05/06/2004 17:18,05/06/2026 17:18
b6ea2914-2833-458b-9b62-75ada697941f,dining.center,available,42.98,,81,15,6,namecheap,,
e3431026-1f09-407d-aeac-17daddf66165,dining.ceo,available,124.98,,81,15,6,namecheap,,
51c0c998-ebfe-41a2-8ce7-15bc78d39f68,dining.cfd,premium,83.85,335.4,81,15,6,namecheap,,
1cd88dcd-a5c0-4b45-b75e-5da338e831f8,dining.channel,premium,161.25,,81,15,6,name.com,,
69f8a5c0-b19b-47a3-ae06-4db97efaacf8,dining.charity,available,37.98,,81,15,6,namecheap,,
bc2c29fe-5159-4c6e-b653-ba08f2b871a4,dining.chat,premium,128.7,128.7,81,15,6,namecheap,,
a336c344-0189-4a45-9a6b-fe59ca263110,dining.cheap,premium,128.7,128.7,81,15,6,namecheap,,
0d2c3e32-d919-45c5-a7d0-97d9a16610bc,dining.christmas,available,49.98,,81,15,6,namecheap,,
85195c87-ca0b-4122-bf8c-52e2f77e273e,dining.church,available,78.98,,81,15,6,namecheap,,
a22a762e-0685-4bf7-a056-de92c1dbd582,dining.claims,available,82.98,,81,15,6,namecheap,,
288ed16d-9258-43ea-a1f3-9a446b8048c4,dining.cleaning,available,94.98,,81,15,6,namecheap,,
125f326d-96e7-469a-8596-27e7a7ee7a5c,dining.click,available,17.98,,81,15,6,namecheap,,
a89f6c89-bd8a-4300-8569-6161cab9c560,dining.clinic,available,82.98,,81,15,6,namecheap,,
f1530328-721f-4611-a3e1-d089807ea90b,dining.clothing,available,35.68,,81,15,6,namecheap,,
e1f86978-8dff-4712-a610-eeb4c222fb1c,dining.cloud,premium,650,650,81,15,6,namecheap,,
d8b33820-6b83-4b65-affe-dd63c9fe6cc4,dining.club,premium,6500,16.9,81,15,6,namecheap,,
9a3f09fc-77a5-4e39-9eec-ec1eb060f5b2,dining.coach,premium,260,260,81,15,6,namecheap,,
0131f09e-fb25-4e66-9626-32e4a39b85c9,dining.codes,available,92.98,,81,15,6,namecheap,,
9373da2f-c06c-4887-949e-cc8e556c5f64,dining.college,available,81.98,,81,15,6,namecheap,,
ad11e81a-770b-482b-802c-90215160be1c,dining.com,resell,,,81,15,6,Dynadot Inc,04/05/1995 04:00,01/03/2033 17:20
9a02c179-4046-49b7-bf8b-4319358ea9e2,dining.community,available,58.98,,81,15,6,namecheap,,
5b1a228d-b8cd-4501-8e18-25272de5a473,dining.company,premium,16.9,16.9,81,15,6,namecheap,,
c914ac10-af40-4ec5-9ce8-459276004d4d,dining.computer,available,48.98,,81,15,6,namecheap,,
2fcb9a67-bd65-4dec-a46c-8f8b31090255,dining.condos,available,72.98,,81,15,6,namecheap,,
27703aad-087c-4dd5-b305-0a5e868bc1c1,dining.construction,available,50.98,,81,15,6,namecheap,,
cf5c60b6-5902-42c3-b9d4-c32364e7d696,dining.consulting,available,67.98,,81,15,6,namecheap,,
84be4d34-c68c-4391-985b-b896f94a38a1,dining.contact,available,16.78,,81,15,6,namecheap,,
6a3a6f0d-d263-420e-b4b1-28eede83383c,dining.contractors,available,39.98,,81,15,6,namecheap,,
b83ac947-5163-4b2c-9c2c-f4d2fa5f777f,dining.cooking,available,33.98,,81,15,6,namecheap,,
fd222097-53a6-4616-9cb8-a7cbd13fb264,dining.country,available,2450,,81,15,6,namecheap,,
5526cbcb-6997-4112-a6bc-6cfb373e856c,dining.courses,available,44.98,,81,15,6,namecheap,,
4b6be2d5-fa9b-48d6-977d-b3c6bd709345,dining.credit,available,131.98,,81,15,6,namecheap,,
0352d96d-beb5-487e-b50c-ae48983b4df4,dining.creditcard,premium,260,260,81,15,6,namecheap,,
02e318f9-303e-46cb-8148-7252762aaf88,dining.cricket,available,31.98,,81,15,6,namecheap,,
ce6e9eea-760b-43d4-a49f-21f4d3729d35,dining.cv,premium,131.53,9.75,81,15,6,namecheap,,
909ce1ff-3ccf-4d75-9c57-5942fa4cdd52,dining.cx,available,26.98,,81,15,6,namecheap,,
b492373d-9f87-4e02-b9b7-f6562a232f34,dining.cyou,premium,71.83,287.3,81,15,6,namecheap,,
3e43cbed-6728-4428-bb1f-c7f82b3f4d34,dining.dad,premium,167.7,167.7,81,15,6,namecheap,,
f0ae7a3b-cee6-48b2-8e8e-92c60c8c1591,dining.dance,available,36.98,,81,15,6,namecheap,,
b18ac491-6183-4d8f-856b-9ab671e4e1b0,dining.date,premium,650,325,81,15,6,namecheap,,
c5ad3fc1-6afc-4105-8768-c141cf68b804,dining.day,premium,167.7,167.7,81,15,6,namecheap,,
27e74960-8f5f-4425-a2ca-d5f6a3b658d6,dining.deal,premium,130,130,81,15,6,namecheap,,
593ad845-2cfd-492d-84ce-6815970cb329,dining.dealer,premium,2015,2600,81,15,6,namecheap,,
1f418297-6e5c-491c-9ccb-2ff82c5e9e42,dining.deals,premium,85.8,85.8,81,15,6,namecheap,,
27b962f9-c880-445f-a6d6-0e77287e4338,dining.degree,available,66.98,,81,15,6,namecheap,,
56af5d4a-7e2e-4450-ab9e-f0359e1fff74,dining.delivery,available,79.98,,81,15,6,namecheap,,
13a88bec-43c7-4ffc-8be0-24876995d7f5,dining.democrat,available,41.48,,81,15,6,namecheap,,
b0f2cd6e-db55-4af9-a6b3-1144253e0fb1,dining.dental,available,59.98,,81,15,6,namecheap,,
fb236f52-9eba-4615-bf90-4bc8f46c9a52,dining.dentist,available,81.98,,81,15,6,namecheap,,
07787536-dc2b-46ba-a93d-5725023b933c,dining.desi,available,22.98,,81,15,6,namecheap,,
bfeb221b-fb84-4234-bbf3-14a89c29eec7,dining.design,premium,325,325,81,15,6,namecheap,,
a553bcac-bc8e-4bf7-a577-dbc8bbff2c24,dining.dev,premium,198.75,198.75,81,15,6,name.com,,
b3adf0eb-bf73-443c-bc87-9c1f7f022f91,dining.diamonds,available,72.98,,81,15,6,namecheap,,
68d4d8f2-c0c8-4a75-8032-caa8be1408be,dining.diet,available,159.98,,81,15,6,namecheap,,
74d82057-34ee-4a03-b88b-70e600a30825,dining.direct,available,53.98,,81,15,6,namecheap,,
da059c5f-9e60-48c3-93be-9deeb369873a,dining.discount,premium,42.9,42.9,81,15,6,namecheap,,
7bcdca08-63bd-405a-a5de-f1c566c282f5,dining.doctor,resell,,,81,15,6,"Blue Razor Domains, LLC",02/11/2016 16:00,02/11/2026 16:00
bfa7ac6b-d499-45b4-934a-b0390e8c6787,dining.dog,premium,,,81,15,6,,,
4d9a2a87-8421-4598-95a5-cec05caecacb,dining.domains,available,53.98,,81,15,6,namecheap,,
df5af3f1-9453-4159-be02-54dfe0719eb7,dining.download,premium,130,32.5,81,15,6,namecheap,,
513cc2bc-5de7-4c21-9075-69334cf9771a,dining.earth,available,27.98,,81,15,6,namecheap,,
571605e4-27ef-49b7-b7d2-15ad9388af4b,dining.eco,premium,4375,,81,15,6,name.com,,
15c30553-c4c8-4cf7-82e2-47256d9b7e91,dining.education,available,46.98,,81,15,6,namecheap,,
90628229-c62c-44dd-a99e-35b28d4a6b80,dining.email,available,40.98,,81,15,6,namecheap,,
471f157f-1feb-4612-83e5-0f6d2d717b63,dining.energy,available,155.98,,81,15,6,namecheap,,
5c4b867b-a845-456d-ad0f-0f6a22b76d66,dining.engineer,available,52.98,,81,15,6,namecheap,,
19547a8b-1615-4e3d-bda3-70c2528d32ed,dining.engineering,available,85.98,,81,15,6,namecheap,,
a32085d7-7286-4038-ac0c-f6eecc882d0a,dining.enterprises,available,47.98,,81,15,6,namecheap,,
a5c24642-5981-47e4-84b9-9f621030facd,dining.equipment,available,32.98,,81,15,6,namecheap,,
c793e24d-2765-4b4b-a342-509e9c7fa1f6,dining.esq,premium,206.7,206.7,81,15,6,namecheap,,
ff4b54fa-2fbc-410c-a0bc-2170c25317c9,dining.estate,available,52.98,,81,15,6,namecheap,,
230dd0ae-12b4-4f8f-a358-6b874eaab76a,dining.events,premium,85.8,85.8,81,15,6,namecheap,,
bbf2a194-472d-4c56-aac6-18c18242832a,dining.exchange,available,49.98,,81,15,6,namecheap,,
0b3f61bf-be96-4296-b6a8-ad1a64586ab7,dining.expert,available,82.48,,81,15,6,namecheap,,
25d224f4-417a-4d46-82e7-932db56ff75e,dining.exposed,premium,26,26,81,15,6,namecheap,,
2c19d783-c414-4ce9-bab0-2d41a28b52a4,dining.fail,available,50.98,,81,15,6,namecheap,,
73a97688-f14e-40e0-82b0-9215b930c891,dining.faith,premium,130,32.5,81,15,6,namecheap,,
a27f2ee8-79d3-4089-a682-2d521d34d441,dining.family,premium,78,78,81,15,6,namecheap,,
9c79041c-ecd8-4fd6-af14-0e47ef99a1e6,dining.fan,available,68.98,,81,15,6,namecheap,,
a7835812-58e9-45fd-8878-42d6b05acf28,dining.fans,premium,260,260,81,15,6,namecheap,,
c7af627a-1641-4bba-955f-5b00899c2aa8,dining.farm,available,49.98,,81,15,6,namecheap,,
6e436ef0-cfc8-4bd3-a380-2aff42999b03,dining.fashion,premium,2600,31.2,81,15,6,namecheap,,
dc8bf60a-2e36-4ad8-91e1-aadf63671333,dining.fast,premium,65,65,81,15,6,namecheap,,
e5bd2655-b4bd-481c-93ce-337830e3e5c7,dining.film,available,97.98,,81,15,6,namecheap,,
9868fa64-e631-45d3-a4c7-6b15178ac737,dining.finance,available,82.98,,81,15,6,namecheap,,
b91e9569-b6fc-4b76-a7d9-5d0706937438,dining.financial,available,66.98,,81,15,6,namecheap,,
85948986-5e26-4dbd-b010-cb8cd8839096,dining.fish,available,59.98,,81,15,6,namecheap,,
fb55174b-317e-44ed-84bf-5bf1867a31bb,dining.fishing,available,43.98,,81,15,6,namecheap,,
538552c5-b48f-499e-9796-af4f8849aed2,dining.fit,premium,1040,31.2,81,15,6,namecheap,,
e38a0f0a-a7cd-4dcb-812a-b177b59beb71,dining.fitness,available,54.98,,81,15,6,namecheap,,
0838b691-de4a-4fd4-94d3-ed4a45a9b9b9,dining.flights,available,75.98,,81,15,6,namecheap,,
d91693c4-e2f0-4fe8-bba4-73a566e96c91,dining.florist,available,41.98,,81,15,6,namecheap,,
be2ce3a2-d8ce-4436-ae29-c83c1c9faf3f,dining.flowers,available,159.98,,81,15,6,namecheap,,
29833b4c-2ac2-43cd-9156-497bfad5db56,dining.foo,premium,323.7,323.7,81,15,6,namecheap,,
46224b26-d320-40a8-9381-1a6b4795c294,dining.food,available,48.98,,81,15,6,namecheap,,
54a8ebce-b4aa-496a-a12b-20d3764359de,dining.football,available,36.98,,81,15,6,namecheap,,
f6ae57f2-8b97-4102-a3a4-44a82aeb8ad8,dining.forex,available,19.99,,81,15,6,name.com,,
eae75fa1-ffc4-4f85-86cf-77b8b7e56552,dining.forum,available,49.98,,81,15,6,namecheap,,
1347837b-ab43-4a01-9a18-eb75e710601e,dining.foundation,available,37.98,,81,15,6,namecheap,,
09a5d33b-7164-47fd-96c9-1eaf40f64502,dining.free,premium,130,130,81,15,6,namecheap,,
e72a4fb0-671c-47b2-b36e-2fcf474e4f8c,dining.fun,premium,162.5,650,81,15,6,namecheap,,
f997e2f1-8584-431d-be9e-31008e9b97f3,dining.fund,available,92.98,,81,15,6,namecheap,,
30eb8570-df14-437f-af3a-5a9c4a9f0397,dining.furniture,premium,1040,1040,81,15,6,namecheap,,
ec75e8c7-2178-46af-924b-d94cbaeb2a82,dining.futbol,available,21.98,,81,15,6,namecheap,,
e707873d-3dc3-419d-a0ee-0e652e01fa29,dining.fyi,premium,19.5,19.5,81,15,6,namecheap,,
674a55ae-cc1b-4183-af18-85faba4c9993,dining.gallery,premium,260,260,81,15,6,namecheap,,
cfc43733-9159-40a2-884c-b0e9f142569b,dining.game,available,498,,81,15,6,namecheap,,
d6f55230-7607-4b39-b4e8-78fc9e85dd4b,dining.games,available,42.98,,81,15,6,namecheap,,
979bf748-154a-421a-985f-3ec257b5887e,dining.garden,premium,520,31.2,81,15,6,namecheap,,
8673ad04-d091-4a63-bf6f-e6b1c8293b09,dining.gay,premium,60,60,81,15,6,namecheap,,
8b90784c-e7f8-4594-87b5-a7003b284b25,dining.gg,available,82.98,,81,15,6,namecheap,,
9e90faf0-57bf-408d-a10c-3a642fd7242c,dining.gives,available,37.98,,81,15,6,namecheap,,
df8ee907-9e27-4fd9-83b9-f33d372a5125,dining.giving,available,35.98,,81,15,6,namecheap,,
3168e7aa-3841-45f0-ac94-c9aaa41d5afd,dining.glass,available,99.98,,81,15,6,namecheap,,
854c0ef2-8973-4bef-9f24-e7db22be86a9,dining.global,premium,5200,65,81,15,6,namecheap,,
0b510308-9d9c-4787-a99e-bc8acce303cf,dining.gmbh,available,56.98,,81,15,6,namecheap,,
0a0a7751-49f9-4c3b-922a-d26e1a173dc4,dining.gold,available,130.98,,81,15,6,namecheap,,
a9a1d082-f7e4-4e8f-9240-e141d570e50c,dining.golf,available,83.98,,81,15,6,namecheap,,
eed160c9-1b22-4ece-9634-7eb6030ac98c,dining.graphics,available,31.98,,81,15,6,namecheap,,
9e989daf-2b85-45c1-80b2-021889e0b130,dining.gratis,available,31.98,,81,15,6,namecheap,,
4b683fe7-7c61-4b6d-bcdd-f5894b1737fa,dining.green,premium,650,650,81,15,6,namecheap,,
fee11684-d95f-4157-8cf4-d00d1ce6cfa0,dining.gripe,available,8.98,,81,15,6,namecheap,,
22a1c3be-09ec-4722-8c36-1ed57ad585de,dining.guitars,available,159.98,,81,15,6,namecheap,,
ad721f29-82b6-473f-b697-82e953c3ce22,dining.hair,available,19.98,,81,15,6,namecheap,,
b5b7a22f-fe00-4a36-b584-bd02bd01f5de,dining.hamburg,available,59.99,,81,15,6,name.com,,
e815011b-d44e-4adb-bd23-3cc7f89d6550,dining.health,premium,3250,71.5,81,15,6,namecheap,,
5eec95e4-cbbf-46f8-b534-2b8cd3d9f8c8,dining.healthcare,available,111.98,,81,15,6,namecheap,,
6c2d7f46-8493-4f4c-ab5a-5cf50cd4a624,dining.help,available,43.98,,81,15,6,namecheap,,
7b3f7cf4-1fa9-43ce-acac-49e2d004aea4,dining.hiv,premium,,,81,15,6,,,
bfbe4ae3-5586-434f-a361-fb69b2d93dcc,dining.hockey,available,72.98,,81,15,6,namecheap,,
c6c04e15-0a24-4062-a312-85ed0e209818,dining.holdings,available,81.98,,81,15,6,namecheap,,
3da4b4e7-4269-4c6f-bcce-a879864359b3,dining.holiday,available,81.98,,81,15,6,namecheap,,
525798f3-75bd-42e3-87cb-bcd17424c9d6,dining.horse,available,41.98,,81,15,6,namecheap,,
a5820b8c-4513-4ca5-ad3e-29b131d70d72,dining.hospital,available,71.98,,81,15,6,namecheap,,
eb316856-eb1a-4cc9-abb3-868e23db72f4,dining.host,premium,650,1300,81,15,6,namecheap,,
cd0e1563-d1ae-4bfc-b99e-6f54baa621c2,dining.hosting,available,398,,81,15,6,namecheap,,
d8639165-8f8f-4138-acc6-5960baf738b1,dining.hot,premium,130,130,81,15,6,namecheap,,
dc4753eb-8ae6-4267-af76-cbce00200b5f,dining.house,premium,,,81,15,6,,,
5325965d-9fa3-446e-a1d9-7bcc2ec9fbf9,dining.how,available,41.98,,81,15,6,namecheap,,
d86560bc-e33e-47bf-a393-78c9fa1e3577,dining.icu,available,20.98,,81,15,6,namecheap,,
1d830861-a75d-43c9-aa20-9209c6ae7819,dining.id,resell,,,81,15,6,PT Registrasi Nama Domain,12/08/2019 08:34,12/08/2026 23:59
1d36f35e-a3c5-438b-a600-f3f428dd3f69,dining.immo,available,43.98,,81,15,6,namecheap,,
396811ed-6390-4f3a-9233-b738995bced4,dining.immobilien,available,43.98,,81,15,6,namecheap,,
ebc2c87e-b5dc-42ea-880a-945ba14928a3,dining.inc,premium,2015,2600,81,15,6,namecheap,,
421110f7-e994-4216-b2d5-8d7622f459a1,dining.industries,available,58.98,,81,15,6,namecheap,,
da5bc04b-a1da-4daf-8584-1987f07a7482,dining.ing,premium,195,195,81,15,6,namecheap,,
039d8147-b3c2-4d41-a19d-3d5715af2752,dining.ink,available,33.98,,81,15,6,namecheap,,
4e25d10b-4da9-41d7-8ae8-f5aa078d099d,dining.institute,available,37.98,,81,15,6,namecheap,,
58980c03-14dd-48fb-af01-8c8a20b86e55,dining.insure,available,91.98,,81,15,6,namecheap,,
bf42c386-6d14-4a80-9147-4aa63436c9c0,dining.international,available,40.48,,81,15,6,namecheap,,
fba3135c-e6c7-4177-99be-e76352b12d38,dining.investments,available,166.98,,81,15,6,namecheap,,
9ffb0246-d4a0-458c-ac50-23f6a641d5e8,dining.io,resell,,,81,15,6,"humbly, LLC",10/10/2014 00:30,10/10/2026 00:30
e09bb8c2-4fdc-442a-98cb-637b36b1605e,dining.irish,available,31.98,,81,15,6,namecheap,,
c2f449f2-b2e1-4228-90b3-331ddaee087f,dining.jetzt,available,30.48,,81,15,6,namecheap,,
5fde699e-1212-495d-9685-a54b5fdfa6cc,dining.jewelry,available,69.98,,81,15,6,namecheap,,
3d2b2fe4-ea95-40c0-8904-1cd9a8dfb8d9,dining.juegos,available,478.98,,81,15,6,namecheap,,
35c472c3-2e18-47be-a3bd-6941fef0e1cc,dining.kaufen,available,33.58,,81,15,6,namecheap,,
a57053ce-4dc0-4a1c-a190-0a393ae18500,dining.kids,available,29.98,,81,15,6,namecheap,,
bc257240-de4f-4dc8-9dd4-0a9ac379b9ef,dining.kim,available,32.98,,81,15,6,namecheap,,
476c8153-8f3f-4f61-8a9a-7caf077b4734,dining.kiwi,available,35.68,,81,15,6,namecheap,,
253d92ef-94ce-4c60-a4a5-134200f9b341,dining.la,resell,,,81,15,6,.LA Premium Names Program,25/03/2016 23:47,25/03/2027 23:59
02eeac66-47da-43b5-b675-d0a74a6df74a,dining.law,available,130.98,,81,15,6,namecheap,,
48a6f2c8-f82f-463e-8242-87bf52a30a57,dining.lawyer,available,66.98,,81,15,6,namecheap,,
053402b8-4dfc-4deb-92af-bbdc25213f6b,dining.lease,available,73.98,,81,15,6,namecheap,,
194c5793-b712-49d7-82e0-0174ef264caf,dining.legal,available,88.98,,81,15,6,namecheap,,
fd24cec2-4f19-4a28-b1c5-abf0837678ba,dining.lgbt,available,93.98,,81,15,6,namecheap,,
c554c28d-622a-45ad-a6b3-3bebe98ad1ce,dining.life,resell,,,81,15,6,Xin Net Technology Corporation,22/03/2023 15:15,22/03/2027 15:15
2fb873ba-02d0-49d8-b3d6-5ed04b3aa0c1,dining.lifestyle,available,48.98,,81,15,6,namecheap,,
334d0be5-8f71-4263-831a-316639897074,dining.lighting,available,31.98,,81,15,6,namecheap,,
c3c8bdc2-706b-4f23-a356-3a2bc225d0dc,dining.limited,available,39.98,,81,15,6,namecheap,,
0ba7a4a0-1058-4395-ae0c-38ca52953d2b,dining.limo,available,68.98,,81,15,6,namecheap,,
16f1166e-25ff-41e2-a7ce-66da85859374,dining.link,premium,341.25,455,81,15,6,namecheap,,
819f1b29-e737-4dc3-890a-7117d8293ec3,dining.llc,premium,650,650,81,15,6,namecheap,,
d6c41e58-1b73-458e-9fb5-e17b988b1164,dining.loan,available,9.98,,81,15,6,namecheap,,
7bd8bb3c-290c-4145-9f56-7911037f2f8a,dining.loans,available,144.98,,81,15,6,namecheap,,
e3bf921c-4557-45bd-9a5e-8cb6cd6804a3,dining.locker,premium,260,58.5,81,15,6,namecheap,,
85e3a560-e12f-4d31-a10b-2dd6184d8af5,dining.lol,available,40.98,,81,15,6,namecheap,,
1c010f7f-cef2-48c7-a8f2-12ad658a68fc,dining.london,premium,692.95,34.65,81,15,6,namecheap,,
8bcb3448-dd61-4f58-a577-62d15d830975,dining.ltd,available,42.98,,81,15,6,namecheap,,
ca1d84ca-eebc-41eb-ba61-67fd992d973b,dining.ltda,premium,66.3,66.3,81,15,6,namecheap,,
f2dadf0a-7521-4095-b77f-0d5ac7d21432,dining.luxe,premium,,,81,15,6,,,
7ca5ab81-9dcf-4ced-be36-9aaf74da7baa,dining.luxury,premium,2600,2600,81,15,6,namecheap,,
ec5107bb-f1a2-4fbb-ad62-19a25217f383,dining.maison,available,69.98,,81,15,6,namecheap,,
710a5af9-9057-400b-842a-46a0c0a4c245,dining.makeup,available,19.98,,81,15,6,namecheap,,
156052f0-3592-4fd3-afc0-e2a049cb34e2,dining.management,available,34.98,,81,15,6,namecheap,,
e672b176-36f5-490a-a282-82d4783dda69,dining.market,available,55.98,,81,15,6,namecheap,,
c6b7cf41-c155-4f24-b6fb-6de5763712d4,dining.marketing,available,53.98,,81,15,6,namecheap,,
650663b7-51fb-47e9-9786-bb2bba21ccf8,dining.markets,available,9.99,,81,15,6,name.com,,
41caf454-d187-469b-a5a4-6aac38bea168,dining.mba,available,49.98,,81,15,6,namecheap,,
95e8305b-51cc-448b-b73f-f2eabde96ed9,dining.melbourne,resell,,,81,15,6,Dreamscape Networks International Pte Ltd,11/11/2014 23:42,11/11/2028 23:42
385786c0-da7a-4ecd-ad91-a0e2753fa009,dining.meme,premium,455,455,81,15,6,namecheap,,
5e0ac09e-408b-4df7-a362-29f546759200,dining.memorial,available,64.98,,81,15,6,namecheap,,
7f2bfec1-908f-4800-89b2-9fee1846d884,dining.men,available,9.48,,81,15,6,namecheap,,
72f6cd9e-5c6d-4970-9463-89e7cccc8d2a,dining.mobi,premium,,,81,15,6,,,
820b50e8-e1d7-4a11-af81-c2ae50a0321a,dining.mobile,premium,750,,81,15,6,name.com,,
39c926c3-adab-418c-8cee-b163e98e3f30,dining.moda,available,45.98,,81,15,6,namecheap,,
236fd41a-4593-49a0-b3e9-237e7a4f5bbf,dining.moe,premium,104,15.6,81,15,6,namecheap,,
c71e774b-db1d-476f-a1c2-7a01ffbebee3,dining.moi,available,39.99,,81,15,6,name.com,,
08d451f7-bf9e-43f8-9f5b-0e784f245bec,dining.mom,available,45.98,,81,15,6,namecheap,,
f32379d7-f0a3-4e91-af3b-acaa1fa546ce,dining.money,available,38.98,,81,15,6,namecheap,,
f50e4e01-af95-4c9e-ad9f-5e879e5f571a,dining.monster,available,19.98,,81,15,6,namecheap,,
d1644e55-93fe-4d07-a6bd-7481890fed5e,dining.mortgage,available,76.98,,81,15,6,namecheap,,
c77860ba-713a-42ef-9ba8-b6ae4b359c17,dining.motorcycles,available,19.98,,81,15,6,namecheap,,
dbc1ce16-4720-4db0-9d76-0725a3a55dd2,dining.mov,premium,323.7,323.7,81,15,6,namecheap,,
5fda87f4-fdef-40fa-9f39-b151b24590f3,dining.movie,available,446.98,,81,15,6,namecheap,,
bc6eee8b-b55a-4fbc-89df-2dcf268f9e9a,dining.music,available,52.48,,81,15,6,namecheap,,
d8af40c0-4944-4505-95d1-0e0ce1d35af2,dining.name,available,9.98,,81,15,6,namecheap,,
0d0e987d-79e8-444c-8df2-62ba02b3f97e,dining.navy,available,45.98,,81,15,6,namecheap,,
51c57c9b-876e-41a9-a0f5-3156928548e4,dining.network,resell,,,81,15,6,"Global Domains International, Inc. DBA DomainCostClub.com",12/06/2015 02:46,12/06/2026 02:46
6cfc113a-5754-4e26-b7fc-9698de315125,dining.new,available,549.99,,81,15,6,name.com,,
2758906b-e3ed-43e7-bb63-16acebac7f62,dining.news,premium,128.7,128.7,81,15,6,namecheap,,
042bfced-933b-45a5-ba3c-b52a9ab01367,dining.nexus,premium,323.7,323.7,81,15,6,namecheap,,
c03d7535-9edb-40ea-9de5-8a928716eb54,dining.ngo,available,24.98,,81,15,6,namecheap,,
78fcb022-4805-44dd-9b41-f0ba78ae3151,dining.now,resell,,,81,15,6,Dynadot Inc,12/07/2025 00:24,12/07/2027 00:24
72f5f6e6-2b3a-48bc-93ad-815290a61f1c,dining.observer,premium,13,13,81,15,6,namecheap,,
4ebde2de-7b98-4a4f-b85f-03af2ab097fc,dining.one,premium,650,650,81,15,6,namecheap,,
a5b85dfb-8cd2-4466-aad2-8b167ead0b30,dining.ong,available,24.98,,81,15,6,namecheap,,
b78ae4d5-af60-4008-ac54-b2e4742b2e53,dining.online,premium,312.5,1250,81,15,6,name.com,,
c0e572f0-68bc-4a53-98ab-6762d0bcfad9,dining.ooo,premium,,,81,15,6,,,
0a2be35f-d2eb-4f13-ac68-27e2625983c8,dining.org,resell,51175,21.99,81,15,6,"GoDaddy.com, LLC",23/01/1999 05:00,23/01/2031 05:00
bfe6322d-b045-42fe-ad73-5c5a01056b2f,dining.organic,premium,,,81,15,6,,,
bec81fe5-58ad-4cc0-b346-6fe0ee53d80a,dining.page,premium,167.7,167.7,81,15,6,namecheap,,
8a5010f8-cbcf-4e58-808b-8043b9bdb381,dining.paris,resell,,,81,15,6,GoDaddy.com LLC,04/07/2016 07:49,04/07/2026 07:49
a8415d89-213f-4334-987f-dd72a13d467c,dining.partners,available,88.98,,81,15,6,namecheap,,
cbd40a05-d9d8-4b53-b7e5-0dffc0f96c60,dining.parts,available,45.98,,81,15,6,namecheap,,
e74638c2-bd81-415e-81a4-a83446f0c435,dining.phd,premium,206.7,206.7,81,15,6,namecheap,,
82a9eefa-e142-4987-92e5-72fd19f8fb4c,dining.photo,available,40.98,,81,15,6,namecheap,,
518accec-d00f-4c57-8f91-69e4281e4ede,dining.photography,available,46.48,,81,15,6,namecheap,,
acf67236-eccf-4f4d-b4fa-d6fd19c78f52,dining.photos,premium,26,26,81,15,6,namecheap,,
3d73a921-b1f2-42a1-a101-517d0235ae12,dining.pics,available,40.98,,81,15,6,namecheap,,
40619601-96a4-498b-ae90-69b9588d78fa,dining.pictures,available,20.98,,81,15,6,namecheap,,
48383aef-3f13-45c4-8cd3-c088aaba7304,dining.pink,available,31.48,,81,15,6,namecheap,,
6f57ad9b-9bc7-4706-9bb4-398de92e268b,dining.pizza,available,83.98,,81,15,6,namecheap,,
7b2fa48c-f044-4df8-812c-3f524c9d8161,dining.place,premium,26,26,81,15,6,namecheap,,
0d796079-e9d9-45a8-9062-8fdf1f25232c,dining.plumbing,available,89.98,,81,15,6,namecheap,,
3ce3b8f2-093e-4669-8963-68d68eb06317,dining.plus,available,72.98,,81,15,6,namecheap,,
a0154d15-e551-4ac0-b1be-57129c27a80a,dining.poker,available,85.98,,81,15,6,namecheap,,
e2031eaf-1546-48cb-a243-0f9abe5c0649,dining.porn,available,154.98,,81,15,6,namecheap,,
7256b420-c31f-40d7-bce1-29eb0dd4b388,dining.press,premium,162.5,325,81,15,6,namecheap,,
b3ce7157-59a3-4a3c-849a-fbd7a24c2cd7,dining.productions,available,50.98,,81,15,6,namecheap,,
0521e602-e8f4-4eec-848b-567ebe121cf2,dining.prof,premium,206.7,206.7,81,15,6,namecheap,,
f7528614-b56a-45b6-a547-67ad7ecf8a77,dining.promo,premium,3250,3250,81,15,6,namecheap,,
61fb045a-5b9b-432c-a4ef-084949ae01a7,dining.properties,available,43.98,,81,15,6,namecheap,,